id,station_name,longitude,latitude,elevation,code,abbreviation,yyyy,mm,dd,obs
01RT0136,GODAKAWELA,80.65,6.5,204,5,PRECIP,1975,5,6,259.0
01RT0136,GODAKAWELA,80.65,6.5,204,5,PRECIP,1940,5,16,200.1
01RT0136,GODAKAWELA,80.65,6.5,204,5,PRECIP,1947,8,14,180.5
01RT0136,GODAKAWELA,80.65,6.5,204,5,PRECIP,1928,7,7,177.8
01RT0136,GODAKAWELA,80.65,6.5,204,5,PRECIP,1940,5,17,168.9
01RT0136,GODAKAWELA,80.65,6.5,204,5,PRECIP,1933,5,21,161.2
01RT0136,GODAKAWELA,80.65,6.5,204,5,PRECIP,1969,12,29,159.5
01RT0136,GODAKAWELA,80.65,6.5,204,5,PRECIP,1971,3,5,155.7
01RT0136,GODAKAWELA,80.65,6.5,204,5,PRECIP,1924,9,29,152.3
01RT0136,GODAKAWELA,80.65,6.5,204,5,PRECIP,1990,12,31,148.0
01RT0136,GODAKAWELA,80.65,6.5,204,5,PRECIP,1918,11,8,144.5
01RT0136,GODAKAWELA,80.65,6.5,204,5,PRECIP,1967,10,20,143.7
01RT0136,GODAKAWELA,80.65,6.5,204,5,PRECIP,1976,12,23,139.7
01RT0136,GODAKAWELA,80.65,6.5,204,5,PRECIP,1913,10,3,139.7
01RT0136,GODAKAWELA,80.65,6.5,204,5,PRECIP,1961,11,17,139.4
01RT0136,GODAKAWELA,80.65,6.5,204,5,PRECIP,1967,10,19,138.4
01RT0136,GODAKAWELA,80.65,6.5,204,5,PRECIP,1962,4,2,134.6
01RT0136,GODAKAWELA,80.65,6.5,204,5,PRECIP,1981,11,30,132.1
01RT0136,GODAKAWELA,80.65,6.5,204,5,PRECIP,1953,11,28,132.0
01RT0136,GODAKAWELA,80.65,6.5,204,5,PRECIP,1965,11,13,131.3
01RT0136,GODAKAWELA,80.65,6.5,204,5,PRECIP,1988,3,15,129.3
01RT0136,GODAKAWELA,80.65,6.5,204,5,PRECIP,1991,1,16,124.7
01RT0136,GODAKAWELA,80.65,6.5,204,5,PRECIP,1977,12,10,120.6
01RT0136,GODAKAWELA,80.65,6.5,204,5,PRECIP,1984,1,10,120.6
01RT0136,GODAKAWELA,80.65,6.5,204,5,PRECIP,1957,4,13,115.5
01RT0136,GODAKAWELA,80.65,6.5,204,5,PRECIP,1927,5,29,114.3
01RT0136,GODAKAWELA,80.65,6.5,204,5,PRECIP,1930,11,26,114.0
01RT0136,GODAKAWELA,80.65,6.5,204,5,PRECIP,1941,11,25,113.2
01RT0136,GODAKAWELA,80.65,6.5,204,5,PRECIP,1977,3,18,111.5
01RT0136,GODAKAWELA,80.65,6.5,204,5,PRECIP,1976,3,23,109.7
01RT0136,GODAKAWELA,80.65,6.5,204,5,PRECIP,1962,5,15,109.2
01RT0136,GODAKAWELA,80.65,6.5,204,5,PRECIP,1983,12,20,109.2
01RT0136,GODAKAWELA,80.65,6.5,204,5,PRECIP,1925,11,7,107.9
01RT0136,GODAKAWELA,80.65,6.5,204,5,PRECIP,1944,4,15,107.1
01RT0136,GODAKAWELA,80.65,6.5,204,5,PRECIP,1943,1,6,106.1
01RT0136,GODAKAWELA,80.65,6.5,204,5,PRECIP,1956,11,11,105.4
01RT0136,GODAKAWELA,80.65,6.5,204,5,PRECIP,1952,5,20,104.3
01RT0136,GODAKAWELA,80.65,6.5,204,5,PRECIP,1942,1,28,104.1
01RT0136,GODAKAWELA,80.65,6.5,204,5,PRECIP,1978,5,13,104.1
01RT0136,GODAKAWELA,80.65,6.5,204,5,PRECIP,1935,12,5,103.1
01RT0136,GODAKAWELA,80.65,6.5,204,5,PRECIP,1940,5,15,103.1
01RT0136,GODAKAWELA,80.65,6.5,204,5,PRECIP,1990,12,14,102.9
01RT0136,GODAKAWELA,80.65,6.5,204,5,PRECIP,1963,5,4,102.8
01RT0136,GODAKAWELA,80.65,6.5,204,5,PRECIP,1939,5,7,102.6
01RT0136,GODAKAWELA,80.65,6.5,204,5,PRECIP,1973,3,22,101.6
01RT0136,GODAKAWELA,80.65,6.5,204,5,PRECIP,1977,3,1,101.6
01RT0136,GODAKAWELA,80.65,6.5,204,5,PRECIP,1938,4,20,101.0
01RT0136,GODAKAWELA,80.65,6.5,204,5,PRECIP,1956,11,14,100.3
01RT0136,GODAKAWELA,80.65,6.5,204,5,PRECIP,1963,1,10,100.0
01RT0136,GODAKAWELA,80.65,6.5,204,5,PRECIP,1941,4,3,99.5
01RT0136,GODAKAWELA,80.65,6.5,204,5,PRECIP,1927,5,1,99.0
01RT0136,GODAKAWELA,80.65,6.5,204,5,PRECIP,1948,10,21,99.0
01RT0136,GODAKAWELA,80.65,6.5,204,5,PRECIP,1963,4,29,98.5
01RT0136,GODAKAWELA,80.65,6.5,204,5,PRECIP,1957,12,17,97.7
01RT0136,GODAKAWELA,80.65,6.5,204,5,PRECIP,1961,1,10,97.7
01RT0136,GODAKAWELA,80.65,6.5,204,5,PRECIP,1926,4,6,97.7
01RT0136,GODAKAWELA,80.65,6.5,204,5,PRECIP,1937,10,29,97.5
01RT0136,GODAKAWELA,80.65,6.5,204,5,PRECIP,1982,3,21,97.5
01RT0136,GODAKAWELA,80.65,6.5,204,5,PRECIP,1961,11,24,97.2
01RT0136,GODAKAWELA,80.65,6.5,204,5,PRECIP,1975,7,23,97.0
01RT0136,GODAKAWELA,80.65,6.5,204,5,PRECIP,1934,10,25,96.0
01RT0136,GODAKAWELA,80.65,6.5,204,5,PRECIP,1958,4,17,96.0
01RT0136,GODAKAWELA,80.65,6.5,204,5,PRECIP,1933,4,4,95.7
01RT0136,GODAKAWELA,80.65,6.5,204,5,PRECIP,1955,5,16,95.2
01RT0136,GODAKAWELA,80.65,6.5,204,5,PRECIP,1958,4,27,95.0
01RT0136,GODAKAWELA,80.65,6.5,204,5,PRECIP,1920,11,22,94.4
01RT0136,GODAKAWELA,80.65,6.5,204,5,PRECIP,1939,5,6,93.9
01RT0136,GODAKAWELA,80.65,6.5,204,5,PRECIP,1971,12,5,93.7
01RT0136,GODAKAWELA,80.65,6.5,204,5,PRECIP,1936,9,26,93.4
01RT0136,GODAKAWELA,80.65,6.5,204,5,PRECIP,1966,10,17,92.9
01RT0136,GODAKAWELA,80.65,6.5,204,5,PRECIP,1988,12,8,92.7
01RT0136,GODAKAWELA,80.65,6.5,204,5,PRECIP,1946,3,15,92.7
01RT0136,GODAKAWELA,80.65,6.5,204,5,PRECIP,1948,1,14,92.7
01RT0136,GODAKAWELA,80.65,6.5,204,5,PRECIP,1971,3,29,92.7
01RT0136,GODAKAWELA,80.65,6.5,204,5,PRECIP,1957,2,19,91.4
01RT0136,GODAKAWELA,80.65,6.5,204,5,PRECIP,1953,10,9,91.1
01RT0136,GODAKAWELA,80.65,6.5,204,5,PRECIP,1925,5,4,90.9
01RT0136,GODAKAWELA,80.65,6.5,204,5,PRECIP,1988,6,1,90.2
01RT0136,GODAKAWELA,80.65,6.5,204,5,PRECIP,1923,12,16,90.1
01RT0136,GODAKAWELA,80.65,6.5,204,5,PRECIP,1930,5,5,89.4
01RT0136,GODAKAWELA,80.65,6.5,204,5,PRECIP,1950,3,6,89.4
01RT0136,GODAKAWELA,80.65,6.5,204,5,PRECIP,1948,8,1,88.9
01RT0136,GODAKAWELA,80.65,6.5,204,5,PRECIP,1917,11,4,88.9
01RT0136,GODAKAWELA,80.65,6.5,204,5,PRECIP,1915,7,14,88.9
01RT0136,GODAKAWELA,80.65,6.5,204,5,PRECIP,1991,11,1,88.9
01RT0136,GODAKAWELA,80.65,6.5,204,5,PRECIP,1985,5,23,88.9
01RT0136,GODAKAWELA,80.65,6.5,204,5,PRECIP,1931,1,15,87.6
01RT0136,GODAKAWELA,80.65,6.5,204,5,PRECIP,1930,11,11,87.6
01RT0136,GODAKAWELA,80.65,6.5,204,5,PRECIP,1935,11,11,87.3
01RT0136,GODAKAWELA,80.65,6.5,204,5,PRECIP,1941,12,22,86.8
01RT0136,GODAKAWELA,80.65,6.5,204,5,PRECIP,1940,5,4,86.8
01RT0136,GODAKAWELA,80.65,6.5,204,5,PRECIP,1970,12,12,86.6
01RT0136,GODAKAWELA,80.65,6.5,204,5,PRECIP,1960,10,13,86.6
01RT0136,GODAKAWELA,80.65,6.5,204,5,PRECIP,1982,11,27,86.4
01RT0136,GODAKAWELA,80.65,6.5,204,5,PRECIP,1957,3,20,86.3
01RT0136,GODAKAWELA,80.65,6.5,204,5,PRECIP,1965,2,6,85.8
01RT0136,GODAKAWELA,80.65,6.5,204,5,PRECIP,1992,4,15,85.8
01RT0136,GODAKAWELA,80.65,6.5,204,5,PRECIP,1919,12,26,85.6
01RT0136,GODAKAWELA,80.65,6.5,204,5,PRECIP,1986,11,16,85.3
01RT0136,GODAKAWELA,80.65,6.5,204,5,PRECIP,1966,9,27,85.3
01RT0136,GODAKAWELA,80.65,6.5,204,5,PRECIP,1977,4,27,85.1
01RT0136,GODAKAWELA,80.65,6.5,204,5,PRECIP,1971,10,18,85.0
01RT0136,GODAKAWELA,80.65,6.5,204,5,PRECIP,1964,3,17,85.0
01RT0136,GODAKAWELA,80.65,6.5,204,5,PRECIP,1927,11,26,85.0
01RT0136,GODAKAWELA,80.65,6.5,204,5,PRECIP,1938,11,17,85.0
01RT0136,GODAKAWELA,80.65,6.5,204,5,PRECIP,1934,10,23,85.0
01RT0136,GODAKAWELA,80.65,6.5,204,5,PRECIP,1969,12,17,84.8
01RT0136,GODAKAWELA,80.65,6.5,204,5,PRECIP,1950,3,24,84.8
01RT0136,GODAKAWELA,80.65,6.5,204,5,PRECIP,1958,3,11,84.5
01RT0136,GODAKAWELA,80.65,6.5,204,5,PRECIP,1962,2,24,83.8
01RT0136,GODAKAWELA,80.65,6.5,204,5,PRECIP,1932,11,22,83.8
01RT0136,GODAKAWELA,80.65,6.5,204,5,PRECIP,1926,5,16,83.8
01RT0136,GODAKAWELA,80.65,6.5,204,5,PRECIP,1978,11,2,83.8
01RT0136,GODAKAWELA,80.65,6.5,204,5,PRECIP,1940,2,22,83.0
01RT0136,GODAKAWELA,80.65,6.5,204,5,PRECIP,1926,11,4,82.5
01RT0136,GODAKAWELA,80.65,6.5,204,5,PRECIP,1923,1,26,82.5
01RT0136,GODAKAWELA,80.65,6.5,204,5,PRECIP,1943,11,7,82.5
01RT0136,GODAKAWELA,80.65,6.5,204,5,PRECIP,1943,12,2,82.3
01RT0136,GODAKAWELA,80.65,6.5,204,5,PRECIP,1944,4,21,81.7
01RT0136,GODAKAWELA,80.65,6.5,204,5,PRECIP,1953,1,24,81.5
01RT0136,GODAKAWELA,80.65,6.5,204,5,PRECIP,1990,10,13,81.3
01RT0136,GODAKAWELA,80.65,6.5,204,5,PRECIP,1982,5,28,81.3
01RT0136,GODAKAWELA,80.65,6.5,204,5,PRECIP,1955,9,16,81.2
01RT0136,GODAKAWELA,80.65,6.5,204,5,PRECIP,1991,6,2,81.0
01RT0136,GODAKAWELA,80.65,6.5,204,5,PRECIP,1944,5,19,81.0
01RT0136,GODAKAWELA,80.65,6.5,204,5,PRECIP,1970,4,20,81.0
01RT0136,GODAKAWELA,80.65,6.5,204,5,PRECIP,1943,12,7,80.7
01RT0136,GODAKAWELA,80.65,6.5,204,5,PRECIP,1994,12,8,80.0
01RT0136,GODAKAWELA,80.65,6.5,204,5,PRECIP,1938,3,18,80.0
01RT0136,GODAKAWELA,80.65,6.5,204,5,PRECIP,1975,8,31,79.5
01RT0136,GODAKAWELA,80.65,6.5,204,5,PRECIP,1959,6,20,79.5
01RT0136,GODAKAWELA,80.65,6.5,204,5,PRECIP,1924,11,7,79.2
01RT0136,GODAKAWELA,80.65,6.5,204,5,PRECIP,1943,5,13,79.2
01RT0136,GODAKAWELA,80.65,6.5,204,5,PRECIP,1945,11,5,78.9
01RT0136,GODAKAWELA,80.65,6.5,204,5,PRECIP,1964,2,26,78.4
01RT0136,GODAKAWELA,80.65,6.5,204,5,PRECIP,1986,10,11,78.0
01RT0136,GODAKAWELA,80.65,6.5,204,5,PRECIP,1935,3,4,77.9
01RT0136,GODAKAWELA,80.65,6.5,204,5,PRECIP,1943,4,5,77.9
01RT0136,GODAKAWELA,80.65,6.5,204,5,PRECIP,1931,4,29,77.4
01RT0136,GODAKAWELA,80.65,6.5,204,5,PRECIP,1956,11,5,77.4
01RT0136,GODAKAWELA,80.65,6.5,204,5,PRECIP,1947,12,26,77.4
01RT0136,GODAKAWELA,80.65,6.5,204,5,PRECIP,1956,2,28,77.4
01RT0136,GODAKAWELA,80.65,6.5,204,5,PRECIP,1962,12,22,77.2
01RT0136,GODAKAWELA,80.65,6.5,204,5,PRECIP,1933,4,25,77.2
01RT0136,GODAKAWELA,80.65,6.5,204,5,PRECIP,1942,7,15,77.2
01RT0136,GODAKAWELA,80.65,6.5,204,5,PRECIP,1957,10,19,76.9
01RT0136,GODAKAWELA,80.65,6.5,204,5,PRECIP,1958,11,30,76.7
01RT0136,GODAKAWELA,80.65,6.5,204,5,PRECIP,1959,5,4,76.7
01RT0136,GODAKAWELA,80.65,6.5,204,5,PRECIP,1941,11,10,76.1
01RT0136,GODAKAWELA,80.65,6.5,204,5,PRECIP,1918,12,4,76.1
01RT0136,GODAKAWELA,80.65,6.5,204,5,PRECIP,1924,12,16,76.1
01RT0136,GODAKAWELA,80.65,6.5,204,5,PRECIP,1995,12,5,75.0
01RT0136,GODAKAWELA,80.65,6.5,204,5,PRECIP,1948,11,16,74.9
01RT0136,GODAKAWELA,80.65,6.5,204,5,PRECIP,1918,1,25,74.4
01RT0136,GODAKAWELA,80.65,6.5,204,5,PRECIP,1935,1,30,74.1
01RT0136,GODAKAWELA,80.65,6.5,204,5,PRECIP,1994,4,2,73.7
01RT0136,GODAKAWELA,80.65,6.5,204,5,PRECIP,1929,4,16,73.6
01RT0136,GODAKAWELA,80.65,6.5,204,5,PRECIP,1966,3,30,73.6
01RT0136,GODAKAWELA,80.65,6.5,204,5,PRECIP,1928,11,2,73.6
01RT0136,GODAKAWELA,80.65,6.5,204,5,PRECIP,1929,1,31,73.6
01RT0136,GODAKAWELA,80.65,6.5,204,5,PRECIP,1977,3,11,73.6
01RT0136,GODAKAWELA,80.65,6.5,204,5,PRECIP,1923,2,28,73.6
01RT0136,GODAKAWELA,80.65,6.5,204,5,PRECIP,1959,4,15,73.4
01RT0136,GODAKAWELA,80.65,6.5,204,5,PRECIP,1988,11,16,73.2
01RT0136,GODAKAWELA,80.65,6.5,204,5,PRECIP,1947,12,9,73.1
01RT0136,GODAKAWELA,80.65,6.5,204,5,PRECIP,1995,4,13,73.0
01RT0136,GODAKAWELA,80.65,6.5,204,5,PRECIP,1931,11,20,72.6
01RT0136,GODAKAWELA,80.65,6.5,204,5,PRECIP,1982,6,1,72.4
01RT0136,GODAKAWELA,80.65,6.5,204,5,PRECIP,1978,5,12,72.4
01RT0136,GODAKAWELA,80.65,6.5,204,5,PRECIP,1925,11,4,72.3
01RT0136,GODAKAWELA,80.65,6.5,204,5,PRECIP,1967,11,4,72.3
01RT0136,GODAKAWELA,80.65,6.5,204,5,PRECIP,1966,3,15,72.3
01RT0136,GODAKAWELA,80.65,6.5,204,5,PRECIP,1926,5,2,72.1
01RT0136,GODAKAWELA,80.65,6.5,204,5,PRECIP,1960,7,17,71.8
01RT0136,GODAKAWELA,80.65,6.5,204,5,PRECIP,1959,4,5,71.6
01RT0136,GODAKAWELA,80.65,6.5,204,5,PRECIP,1985,4,6,71.1
01RT0136,GODAKAWELA,80.65,6.5,204,5,PRECIP,1988,11,14,71.1
01RT0136,GODAKAWELA,80.65,6.5,204,5,PRECIP,1920,10,18,71.1
01RT0136,GODAKAWELA,80.65,6.5,204,5,PRECIP,1949,7,23,71.1
01RT0136,GODAKAWELA,80.65,6.5,204,5,PRECIP,1977,11,15,71.1
01RT0136,GODAKAWELA,80.65,6.5,204,5,PRECIP,1990,10,15,71.1
01RT0136,GODAKAWELA,80.65,6.5,204,5,PRECIP,1989,5,30,71.0
01RT0136,GODAKAWELA,80.65,6.5,204,5,PRECIP,1914,12,10,70.6
01RT0136,GODAKAWELA,80.65,6.5,204,5,PRECIP,1968,1,14,70.3
01RT0136,GODAKAWELA,80.65,6.5,204,5,PRECIP,1969,5,22,70.1
01RT0136,GODAKAWELA,80.65,6.5,204,5,PRECIP,1940,9,29,70.1
01RT0136,GODAKAWELA,80.65,6.5,204,5,PRECIP,1975,11,22,70.1
01RT0136,GODAKAWELA,80.65,6.5,204,5,PRECIP,1917,3,3,69.8
01RT0136,GODAKAWELA,80.65,6.5,204,5,PRECIP,1919,1,2,69.8
01RT0136,GODAKAWELA,80.65,6.5,204,5,PRECIP,1957,4,15,69.8
01RT0136,GODAKAWELA,80.65,6.5,204,5,PRECIP,1956,11,21,69.8
01RT0136,GODAKAWELA,80.65,6.5,204,5,PRECIP,1937,12,25,69.8
01RT0136,GODAKAWELA,80.65,6.5,204,5,PRECIP,1925,4,28,69.8
01RT0136,GODAKAWELA,80.65,6.5,204,5,PRECIP,1963,11,27,69.6
01RT0136,GODAKAWELA,80.65,6.5,204,5,PRECIP,1924,5,6,69.6
01RT0136,GODAKAWELA,80.65,6.5,204,5,PRECIP,1975,11,16,69.3
01RT0136,GODAKAWELA,80.65,6.5,204,5,PRECIP,1981,11,11,69.1
01RT0136,GODAKAWELA,80.65,6.5,204,5,PRECIP,1948,11,30,68.8
01RT0136,GODAKAWELA,80.65,6.5,204,5,PRECIP,1921,1,23,68.5
01RT0136,GODAKAWELA,80.65,6.5,204,5,PRECIP,1960,7,15,68.5
01RT0136,GODAKAWELA,80.65,6.5,204,5,PRECIP,1924,10,29,68.5
01RT0136,GODAKAWELA,80.65,6.5,204,5,PRECIP,1970,3,28,68.5
01RT0136,GODAKAWELA,80.65,6.5,204,5,PRECIP,1918,10,19,68.5
01RT0136,GODAKAWELA,80.65,6.5,204,5,PRECIP,1917,8,13,68.5
01RT0136,GODAKAWELA,80.65,6.5,204,5,PRECIP,1915,3,9,68.5
01RT0136,GODAKAWELA,80.65,6.5,204,5,PRECIP,1978,2,19,68.3
01RT0136,GODAKAWELA,80.65,6.5,204,5,PRECIP,1960,4,9,68.3
01RT0136,GODAKAWELA,80.65,6.5,204,5,PRECIP,1966,11,15,67.8
01RT0136,GODAKAWELA,80.65,6.5,204,5,PRECIP,1968,10,27,67.5
01RT0136,GODAKAWELA,80.65,6.5,204,5,PRECIP,1929,10,21,67.3
01RT0136,GODAKAWELA,80.65,6.5,204,5,PRECIP,1984,5,3,67.3
01RT0136,GODAKAWELA,80.65,6.5,204,5,PRECIP,1952,10,30,67.3
01RT0136,GODAKAWELA,80.65,6.5,204,5,PRECIP,1988,11,18,67.3
01RT0136,GODAKAWELA,80.65,6.5,204,5,PRECIP,1971,2,21,67.3
01RT0136,GODAKAWELA,80.65,6.5,204,5,PRECIP,1995,5,3,67.0
01RT0136,GODAKAWELA,80.65,6.5,204,5,PRECIP,1947,4,5,66.2
01RT0136,GODAKAWELA,80.65,6.5,204,5,PRECIP,1984,3,2,66.0
01RT0136,GODAKAWELA,80.65,6.5,204,5,PRECIP,1917,2,24,66.0
01RT0136,GODAKAWELA,80.65,6.5,204,5,PRECIP,1988,4,17,66.0
01RT0136,GODAKAWELA,80.65,6.5,204,5,PRECIP,1942,3,27,66.0
01RT0136,GODAKAWELA,80.65,6.5,204,5,PRECIP,1955,11,23,66.0
01RT0136,GODAKAWELA,80.65,6.5,204,5,PRECIP,1923,11,21,66.0
01RT0136,GODAKAWELA,80.65,6.5,204,5,PRECIP,1938,12,16,66.0
01RT0136,GODAKAWELA,80.65,6.5,204,5,PRECIP,1937,7,17,66.0
01RT0136,GODAKAWELA,80.65,6.5,204,5,PRECIP,1963,3,23,65.7
01RT0136,GODAKAWELA,80.65,6.5,204,5,PRECIP,1971,9,19,65.5
01RT0136,GODAKAWELA,80.65,6.5,204,5,PRECIP,1991,3,23,65.5
01RT0136,GODAKAWELA,80.65,6.5,204,5,PRECIP,1970,11,26,65.5
01RT0136,GODAKAWELA,80.65,6.5,204,5,PRECIP,1970,11,18,65.2
01RT0136,GODAKAWELA,80.65,6.5,204,5,PRECIP,1942,3,11,65.2
01RT0136,GODAKAWELA,80.65,6.5,204,5,PRECIP,1958,11,12,65.2
01RT0136,GODAKAWELA,80.65,6.5,204,5,PRECIP,1921,8,6,65.2
01RT0136,GODAKAWELA,80.65,6.5,204,5,PRECIP,1936,11,12,65.0
01RT0136,GODAKAWELA,80.65,6.5,204,5,PRECIP,1937,10,21,65.0
01RT0136,GODAKAWELA,80.65,6.5,204,5,PRECIP,1995,5,4,65.0
01RT0136,GODAKAWELA,80.65,6.5,204,5,PRECIP,1992,4,19,64.8
01RT0136,GODAKAWELA,80.65,6.5,204,5,PRECIP,1935,3,28,64.7
01RT0136,GODAKAWELA,80.65,6.5,204,5,PRECIP,1920,11,16,64.7
01RT0136,GODAKAWELA,80.65,6.5,204,5,PRECIP,1956,6,22,64.7
01RT0136,GODAKAWELA,80.65,6.5,204,5,PRECIP,1924,2,20,64.7
01RT0136,GODAKAWELA,80.65,6.5,204,5,PRECIP,1924,12,7,64.7
01RT0136,GODAKAWELA,80.65,6.5,204,5,PRECIP,1970,11,7,64.7
01RT0136,GODAKAWELA,80.65,6.5,204,5,PRECIP,1954,10,29,64.7
01RT0136,GODAKAWELA,80.65,6.5,204,5,PRECIP,1914,10,21,64.7
01RT0136,GODAKAWELA,80.65,6.5,204,5,PRECIP,1918,11,4,64.7
01RT0136,GODAKAWELA,80.65,6.5,204,5,PRECIP,1972,7,15,64.5
01RT0136,GODAKAWELA,80.65,6.5,204,5,PRECIP,1960,2,11,64.2
01RT0136,GODAKAWELA,80.65,6.5,204,5,PRECIP,1924,10,22,64.2
01RT0136,GODAKAWELA,80.65,6.5,204,5,PRECIP,1945,10,28,64.0
01RT0136,GODAKAWELA,80.65,6.5,204,5,PRECIP,1939,11,28,63.7
01RT0136,GODAKAWELA,80.65,6.5,204,5,PRECIP,1967,10,21,63.5
01RT0136,GODAKAWELA,80.65,6.5,204,5,PRECIP,1928,7,6,63.5
01RT0136,GODAKAWELA,80.65,6.5,204,5,PRECIP,1969,12,25,63.5
01RT0136,GODAKAWELA,80.65,6.5,204,5,PRECIP,1984,11,28,63.5
01RT0136,GODAKAWELA,80.65,6.5,204,5,PRECIP,1918,3,26,63.5
01RT0136,GODAKAWELA,80.65,6.5,204,5,PRECIP,1927,4,30,63.5
01RT0136,GODAKAWELA,80.65,6.5,204,5,PRECIP,1936,4,15,63.5
01RT0136,GODAKAWELA,80.65,6.5,204,5,PRECIP,1922,11,9,63.5
01RT0136,GODAKAWELA,80.65,6.5,204,5,PRECIP,1984,12,23,63.5
01RT0136,GODAKAWELA,80.65,6.5,204,5,PRECIP,1984,9,11,63.5
01RT0136,GODAKAWELA,80.65,6.5,204,5,PRECIP,1984,7,11,63.5
01RT0136,GODAKAWELA,80.65,6.5,204,5,PRECIP,1969,5,7,63.5
01RT0136,GODAKAWELA,80.65,6.5,204,5,PRECIP,1985,11,30,63.3
01RT0136,GODAKAWELA,80.65,6.5,204,5,PRECIP,1926,3,13,63.2
01RT0136,GODAKAWELA,80.65,6.5,204,5,PRECIP,1952,5,21,63.2
01RT0136,GODAKAWELA,80.65,6.5,204,5,PRECIP,1935,1,15,63.2
01RT0136,GODAKAWELA,80.65,6.5,204,5,PRECIP,1989,10,31,63.0
01RT0136,GODAKAWELA,80.65,6.5,204,5,PRECIP,1994,10,24,63.0
01RT0136,GODAKAWELA,80.65,6.5,204,5,PRECIP,1975,3,4,62.9
01RT0136,GODAKAWELA,80.65,6.5,204,5,PRECIP,1963,4,15,62.9
01RT0136,GODAKAWELA,80.65,6.5,204,5,PRECIP,1963,2,5,62.9
01RT0136,GODAKAWELA,80.65,6.5,204,5,PRECIP,1964,3,3,62.9
01RT0136,GODAKAWELA,80.65,6.5,204,5,PRECIP,1942,9,24,62.7
01RT0136,GODAKAWELA,80.65,6.5,204,5,PRECIP,1975,6,18,62.7
01RT0136,GODAKAWELA,80.65,6.5,204,5,PRECIP,1993,10,26,62.5
01RT0136,GODAKAWELA,80.65,6.5,204,5,PRECIP,1982,2,16,62.5
01RT0136,GODAKAWELA,80.65,6.5,204,5,PRECIP,1939,11,21,62.4
01RT0136,GODAKAWELA,80.65,6.5,204,5,PRECIP,1951,11,10,62.2
01RT0136,GODAKAWELA,80.65,6.5,204,5,PRECIP,1951,10,29,62.2
01RT0136,GODAKAWELA,80.65,6.5,204,5,PRECIP,1954,12,8,62.2
01RT0136,GODAKAWELA,80.65,6.5,204,5,PRECIP,1954,2,27,62.2
01RT0136,GODAKAWELA,80.65,6.5,204,5,PRECIP,1933,4,5,62.2
01RT0136,GODAKAWELA,80.65,6.5,204,5,PRECIP,1917,9,10,62.2
01RT0136,GODAKAWELA,80.65,6.5,204,5,PRECIP,1971,1,14,62.2
01RT0136,GODAKAWELA,80.65,6.5,204,5,PRECIP,1936,10,21,62.2
01RT0136,GODAKAWELA,80.65,6.5,204,5,PRECIP,1970,3,29,61.9
01RT0136,GODAKAWELA,80.65,6.5,204,5,PRECIP,1962,1,29,61.9
01RT0136,GODAKAWELA,80.65,6.5,204,5,PRECIP,1949,12,6,61.9
01RT0136,GODAKAWELA,80.65,6.5,204,5,PRECIP,1950,3,7,61.9
01RT0136,GODAKAWELA,80.65,6.5,204,5,PRECIP,1935,3,8,61.7
01RT0136,GODAKAWELA,80.65,6.5,204,5,PRECIP,1953,11,24,61.7
01RT0136,GODAKAWELA,80.65,6.5,204,5,PRECIP,1990,1,5,61.7
01RT0136,GODAKAWELA,80.65,6.5,204,5,PRECIP,1993,6,27,61.5
01RT0136,GODAKAWELA,80.65,6.5,204,5,PRECIP,1951,11,11,61.4
01RT0136,GODAKAWELA,80.65,6.5,204,5,PRECIP,1953,10,11,61.4
01RT0136,GODAKAWELA,80.65,6.5,204,5,PRECIP,1938,12,6,61.4
01RT0136,GODAKAWELA,80.65,6.5,204,5,PRECIP,1960,3,3,61.2
01RT0136,GODAKAWELA,80.65,6.5,204,5,PRECIP,1949,10,8,61.2
01RT0136,GODAKAWELA,80.65,6.5,204,5,PRECIP,1975,12,15,61.2
01RT0136,GODAKAWELA,80.65,6.5,204,5,PRECIP,1985,10,27,61.1
01RT0136,GODAKAWELA,80.65,6.5,204,5,PRECIP,1985,5,10,61.0
01RT0136,GODAKAWELA,80.65,6.5,204,5,PRECIP,1989,10,28,61.0
01RT0136,GODAKAWELA,80.65,6.5,204,5,PRECIP,1989,10,22,61.0
01RT0136,GODAKAWELA,80.65,6.5,204,5,PRECIP,1984,4,15,61.0
01RT0136,GODAKAWELA,80.65,6.5,204,5,PRECIP,1985,3,7,61.0
01RT0136,GODAKAWELA,80.65,6.5,204,5,PRECIP,1934,1,25,60.9
01RT0136,GODAKAWELA,80.65,6.5,204,5,PRECIP,1919,12,9,60.9
01RT0136,GODAKAWELA,80.65,6.5,204,5,PRECIP,1924,3,29,60.9
01RT0136,GODAKAWELA,80.65,6.5,204,5,PRECIP,1925,2,27,60.9
01RT0136,GODAKAWELA,80.65,6.5,204,5,PRECIP,1957,3,4,60.9
01RT0136,GODAKAWELA,80.65,6.5,204,5,PRECIP,1923,10,21,60.9
01RT0136,GODAKAWELA,80.65,6.5,204,5,PRECIP,1916,3,22,60.9
01RT0136,GODAKAWELA,80.65,6.5,204,5,PRECIP,1924,2,25,60.9
01RT0136,GODAKAWELA,80.65,6.5,204,5,PRECIP,1971,4,24,60.9
01RT0136,GODAKAWELA,80.65,6.5,204,5,PRECIP,1920,12,14,60.9
01RT0136,GODAKAWELA,80.65,6.5,204,5,PRECIP,1916,4,19,60.9
01RT0136,GODAKAWELA,80.65,6.5,204,5,PRECIP,1916,4,24,60.9
01RT0136,GODAKAWELA,80.65,6.5,204,5,PRECIP,1916,3,13,60.9
01RT0136,GODAKAWELA,80.65,6.5,204,5,PRECIP,1913,10,4,60.7
01RT0136,GODAKAWELA,80.65,6.5,204,5,PRECIP,1918,7,25,60.4
01RT0136,GODAKAWELA,80.65,6.5,204,5,PRECIP,1968,12,28,60.4
01RT0136,GODAKAWELA,80.65,6.5,204,5,PRECIP,1963,12,30,60.2
01RT0136,GODAKAWELA,80.65,6.5,204,5,PRECIP,1994,5,27,60.2
01RT0136,GODAKAWELA,80.65,6.5,204,5,PRECIP,1993,11,22,59.9
01RT0136,GODAKAWELA,80.65,6.5,204,5,PRECIP,1985,11,1,59.7
01RT0136,GODAKAWELA,80.65,6.5,204,5,PRECIP,1914,11,16,59.6
01RT0136,GODAKAWELA,80.65,6.5,204,5,PRECIP,1954,5,28,59.6
01RT0136,GODAKAWELA,80.65,6.5,204,5,PRECIP,1951,10,27,59.6
01RT0136,GODAKAWELA,80.65,6.5,204,5,PRECIP,1926,12,21,59.6
01RT0136,GODAKAWELA,80.65,6.5,204,5,PRECIP,1971,3,4,59.6
01RT0136,GODAKAWELA,80.65,6.5,204,5,PRECIP,1984,4,23,59.4
01RT0136,GODAKAWELA,80.65,6.5,204,5,PRECIP,1940,5,18,59.4
01RT0136,GODAKAWELA,80.65,6.5,204,5,PRECIP,1918,10,20,59.1
01RT0136,GODAKAWELA,80.65,6.5,204,5,PRECIP,1952,1,2,59.1
01RT0136,GODAKAWELA,80.65,6.5,204,5,PRECIP,1976,3,28,58.9
01RT0136,GODAKAWELA,80.65,6.5,204,5,PRECIP,1951,9,18,58.9
01RT0136,GODAKAWELA,80.65,6.5,204,5,PRECIP,1935,4,8,58.9
01RT0136,GODAKAWELA,80.65,6.5,204,5,PRECIP,1927,10,21,58.9
01RT0136,GODAKAWELA,80.65,6.5,204,5,PRECIP,1921,11,20,58.9
01RT0136,GODAKAWELA,80.65,6.5,204,5,PRECIP,1975,10,27,58.9
01RT0136,GODAKAWELA,80.65,6.5,204,5,PRECIP,1933,5,15,58.9
01RT0136,GODAKAWELA,80.65,6.5,204,5,PRECIP,1951,10,25,58.9
01RT0136,GODAKAWELA,80.65,6.5,204,5,PRECIP,1982,4,14,58.7
01RT0136,GODAKAWELA,80.65,6.5,204,5,PRECIP,1990,5,6,58.7
01RT0136,GODAKAWELA,80.65,6.5,204,5,PRECIP,1957,11,17,58.6
01RT0136,GODAKAWELA,80.65,6.5,204,5,PRECIP,1991,11,10,58.4
01RT0136,GODAKAWELA,80.65,6.5,204,5,PRECIP,1947,10,28,58.4
01RT0136,GODAKAWELA,80.65,6.5,204,5,PRECIP,1973,3,31,58.4
01RT0136,GODAKAWELA,80.65,6.5,204,5,PRECIP,1984,11,13,58.4
01RT0136,GODAKAWELA,80.65,6.5,204,5,PRECIP,1988,9,18,58.4
01RT0136,GODAKAWELA,80.65,6.5,204,5,PRECIP,1946,12,16,58.4
01RT0136,GODAKAWELA,80.65,6.5,204,5,PRECIP,1966,9,24,58.4
01RT0136,GODAKAWELA,80.65,6.5,204,5,PRECIP,1968,3,16,58.4
01RT0136,GODAKAWELA,80.65,6.5,204,5,PRECIP,1960,10,25,58.4
01RT0136,GODAKAWELA,80.65,6.5,204,5,PRECIP,1967,2,4,58.4
01RT0136,GODAKAWELA,80.65,6.5,204,5,PRECIP,1916,3,19,58.4
01RT0136,GODAKAWELA,80.65,6.5,204,5,PRECIP,1916,3,6,58.4
01RT0136,GODAKAWELA,80.65,6.5,204,5,PRECIP,1951,5,30,58.4
01RT0136,GODAKAWELA,80.65,6.5,204,5,PRECIP,1919,3,17,58.4
01RT0136,GODAKAWELA,80.65,6.5,204,5,PRECIP,1917,12,20,58.4
01RT0136,GODAKAWELA,80.65,6.5,204,5,PRECIP,1937,11,28,58.1
01RT0136,GODAKAWELA,80.65,6.5,204,5,PRECIP,1946,12,24,58.1
01RT0136,GODAKAWELA,80.65,6.5,204,5,PRECIP,1976,11,3,58.1
01RT0136,GODAKAWELA,80.65,6.5,204,5,PRECIP,1974,7,26,58.1
01RT0136,GODAKAWELA,80.65,6.5,204,5,PRECIP,1916,11,24,57.9
01RT0136,GODAKAWELA,80.65,6.5,204,5,PRECIP,1959,10,22,57.9
01RT0136,GODAKAWELA,80.65,6.5,204,5,PRECIP,1937,11,7,57.9
01RT0136,GODAKAWELA,80.65,6.5,204,5,PRECIP,1921,10,17,57.9
01RT0136,GODAKAWELA,80.65,6.5,204,5,PRECIP,1935,3,25,57.9
01RT0136,GODAKAWELA,80.65,6.5,204,5,PRECIP,1940,6,13,57.4
01RT0136,GODAKAWELA,80.65,6.5,204,5,PRECIP,1973,4,1,57.4
01RT0136,GODAKAWELA,80.65,6.5,204,5,PRECIP,1920,11,5,57.4
01RT0136,GODAKAWELA,80.65,6.5,204,5,PRECIP,1948,12,4,57.4
01RT0136,GODAKAWELA,80.65,6.5,204,5,PRECIP,1943,11,9,57.1
01RT0136,GODAKAWELA,80.65,6.5,204,5,PRECIP,1918,12,1,57.1
01RT0136,GODAKAWELA,80.65,6.5,204,5,PRECIP,1920,4,15,57.1
01RT0136,GODAKAWELA,80.65,6.5,204,5,PRECIP,1922,2,4,57.1
01RT0136,GODAKAWELA,80.65,6.5,204,5,PRECIP,1923,6,6,57.1
01RT0136,GODAKAWELA,80.65,6.5,204,5,PRECIP,1920,3,5,57.1
01RT0136,GODAKAWELA,80.65,6.5,204,5,PRECIP,1970,3,9,56.9
01RT0136,GODAKAWELA,80.65,6.5,204,5,PRECIP,1942,12,1,56.9
01RT0136,GODAKAWELA,80.65,6.5,204,5,PRECIP,1981,9,17,56.9
01RT0136,GODAKAWELA,80.65,6.5,204,5,PRECIP,1943,5,11,56.9
01RT0136,GODAKAWELA,80.65,6.5,204,5,PRECIP,1989,7,18,56.6
01RT0136,GODAKAWELA,80.65,6.5,204,5,PRECIP,1922,3,10,56.6
01RT0136,GODAKAWELA,80.65,6.5,204,5,PRECIP,1930,4,22,56.6
01RT0136,GODAKAWELA,80.65,6.5,204,5,PRECIP,1941,5,25,56.6
01RT0136,GODAKAWELA,80.65,6.5,204,5,PRECIP,1916,11,25,56.6
01RT0136,GODAKAWELA,80.65,6.5,204,5,PRECIP,1960,11,25,56.6
01RT0136,GODAKAWELA,80.65,6.5,204,5,PRECIP,1942,10,5,56.6
01RT0136,GODAKAWELA,80.65,6.5,204,5,PRECIP,1948,10,25,56.6
01RT0136,GODAKAWELA,80.65,6.5,204,5,PRECIP,1974,4,15,56.3
01RT0136,GODAKAWELA,80.65,6.5,204,5,PRECIP,1944,11,1,56.3
01RT0136,GODAKAWELA,80.65,6.5,204,5,PRECIP,1968,1,20,56.3
01RT0136,GODAKAWELA,80.65,6.5,204,5,PRECIP,1920,12,17,56.1
01RT0136,GODAKAWELA,80.65,6.5,204,5,PRECIP,1962,1,28,56.1
01RT0136,GODAKAWELA,80.65,6.5,204,5,PRECIP,1982,11,28,55.9
01RT0136,GODAKAWELA,80.65,6.5,204,5,PRECIP,1985,11,21,55.9
01RT0136,GODAKAWELA,80.65,6.5,204,5,PRECIP,1987,4,3,55.9
01RT0136,GODAKAWELA,80.65,6.5,204,5,PRECIP,1985,12,1,55.9
01RT0136,GODAKAWELA,80.65,6.5,204,5,PRECIP,1985,1,20,55.9
01RT0136,GODAKAWELA,80.65,6.5,204,5,PRECIP,1992,11,13,55.9
01RT0136,GODAKAWELA,80.65,6.5,204,5,PRECIP,1937,11,27,55.8
01RT0136,GODAKAWELA,80.65,6.5,204,5,PRECIP,1937,10,31,55.8
01RT0136,GODAKAWELA,80.65,6.5,204,5,PRECIP,1969,4,10,55.8
01RT0136,GODAKAWELA,80.65,6.5,204,5,PRECIP,1923,11,4,55.8
01RT0136,GODAKAWELA,80.65,6.5,204,5,PRECIP,1930,3,10,55.8
01RT0136,GODAKAWELA,80.65,6.5,204,5,PRECIP,1969,10,6,55.8
01RT0136,GODAKAWELA,80.65,6.5,204,5,PRECIP,1927,1,6,55.8
01RT0136,GODAKAWELA,80.65,6.5,204,5,PRECIP,1966,3,2,55.8
01RT0136,GODAKAWELA,80.65,6.5,204,5,PRECIP,1936,12,14,55.6
01RT0136,GODAKAWELA,80.65,6.5,204,5,PRECIP,1944,10,21,55.6
01RT0136,GODAKAWELA,80.65,6.5,204,5,PRECIP,1966,9,28,55.6
01RT0136,GODAKAWELA,80.65,6.5,204,5,PRECIP,1934,4,7,55.3
01RT0136,GODAKAWELA,80.65,6.5,204,5,PRECIP,1986,9,29,55.3
01RT0136,GODAKAWELA,80.65,6.5,204,5,PRECIP,1957,10,26,55.3
01RT0136,GODAKAWELA,80.65,6.5,204,5,PRECIP,1945,3,7,55.3
01RT0136,GODAKAWELA,80.65,6.5,204,5,PRECIP,1965,10,9,55.1
01RT0136,GODAKAWELA,80.65,6.5,204,5,PRECIP,1966,10,27,55.1
01RT0136,GODAKAWELA,80.65,6.5,204,5,PRECIP,1932,4,29,55.1
01RT0136,GODAKAWELA,80.65,6.5,204,5,PRECIP,1941,10,31,55.1
01RT0136,GODAKAWELA,80.65,6.5,204,5,PRECIP,1995,5,6,55.0
01RT0136,GODAKAWELA,80.65,6.5,204,5,PRECIP,1931,11,27,54.8
01RT0136,GODAKAWELA,80.65,6.5,204,5,PRECIP,1952,4,21,54.8
01RT0136,GODAKAWELA,80.65,6.5,204,5,PRECIP,1947,1,29,54.8
01RT0136,GODAKAWELA,80.65,6.5,204,5,PRECIP,1953,9,10,54.8
01RT0136,GODAKAWELA,80.65,6.5,204,5,PRECIP,1925,9,29,54.8
01RT0136,GODAKAWELA,80.65,6.5,204,5,PRECIP,1968,4,13,54.8
01RT0136,GODAKAWELA,80.65,6.5,204,5,PRECIP,1925,12,21,54.6
01RT0136,GODAKAWELA,80.65,6.5,204,5,PRECIP,1926,1,10,54.6
01RT0136,GODAKAWELA,80.65,6.5,204,5,PRECIP,1976,12,17,54.6
01RT0136,GODAKAWELA,80.65,6.5,204,5,PRECIP,1954,4,6,54.6
01RT0136,GODAKAWELA,80.65,6.5,204,5,PRECIP,1949,11,4,54.6
01RT0136,GODAKAWELA,80.65,6.5,204,5,PRECIP,1963,11,18,54.3
01RT0136,GODAKAWELA,80.65,6.5,204,5,PRECIP,1953,3,7,54.3
01RT0136,GODAKAWELA,80.65,6.5,204,5,PRECIP,1972,9,22,54.1
01RT0136,GODAKAWELA,80.65,6.5,204,5,PRECIP,1965,10,22,54.1
01RT0136,GODAKAWELA,80.65,6.5,204,5,PRECIP,1914,11,13,53.8
01RT0136,GODAKAWELA,80.65,6.5,204,5,PRECIP,1973,11,25,53.8
01RT0136,GODAKAWELA,80.65,6.5,204,5,PRECIP,1939,12,11,53.8
01RT0136,GODAKAWELA,80.65,6.5,204,5,PRECIP,1967,4,17,53.8
01RT0136,GODAKAWELA,80.65,6.5,204,5,PRECIP,1925,11,10,53.8
01RT0136,GODAKAWELA,80.65,6.5,204,5,PRECIP,1967,11,3,53.5
01RT0136,GODAKAWELA,80.65,6.5,204,5,PRECIP,1967,10,31,53.3
01RT0136,GODAKAWELA,80.65,6.5,204,5,PRECIP,1919,11,1,53.3
01RT0136,GODAKAWELA,80.65,6.5,204,5,PRECIP,1925,5,3,53.3
01RT0136,GODAKAWELA,80.65,6.5,204,5,PRECIP,1920,4,30,53.3
01RT0136,GODAKAWELA,80.65,6.5,204,5,PRECIP,1930,11,22,53.3
01RT0136,GODAKAWELA,80.65,6.5,204,5,PRECIP,1916,3,18,53.3
01RT0136,GODAKAWELA,80.65,6.5,204,5,PRECIP,1916,3,14,53.3
01RT0136,GODAKAWELA,80.65,6.5,204,5,PRECIP,1949,10,31,53.3
01RT0136,GODAKAWELA,80.65,6.5,204,5,PRECIP,1978,1,25,53.3
01RT0136,GODAKAWELA,80.65,6.5,204,5,PRECIP,1916,4,25,53.3
01RT0136,GODAKAWELA,80.65,6.5,204,5,PRECIP,1933,5,23,53.3
01RT0136,GODAKAWELA,80.65,6.5,204,5,PRECIP,1926,5,22,53.3
01RT0136,GODAKAWELA,80.65,6.5,204,5,PRECIP,1989,7,21,53.0
01RT0136,GODAKAWELA,80.65,6.5,204,5,PRECIP,1960,12,5,52.8
01RT0136,GODAKAWELA,80.65,6.5,204,5,PRECIP,1936,5,31,52.8
01RT0136,GODAKAWELA,80.65,6.5,204,5,PRECIP,1954,4,11,52.8
01RT0136,GODAKAWELA,80.65,6.5,204,5,PRECIP,1941,5,27,52.8
01RT0136,GODAKAWELA,80.65,6.5,204,5,PRECIP,1952,4,8,52.8
01RT0136,GODAKAWELA,80.65,6.5,204,5,PRECIP,1978,11,23,52.8
01RT0136,GODAKAWELA,80.65,6.5,204,5,PRECIP,1957,11,4,52.5
01RT0136,GODAKAWELA,80.65,6.5,204,5,PRECIP,1971,9,20,52.5
01RT0136,GODAKAWELA,80.65,6.5,204,5,PRECIP,1936,10,13,52.5
01RT0136,GODAKAWELA,80.65,6.5,204,5,PRECIP,1973,4,3,52.3
01RT0136,GODAKAWELA,80.65,6.5,204,5,PRECIP,1951,1,23,52.3
01RT0136,GODAKAWELA,80.65,6.5,204,5,PRECIP,1970,12,14,52.3
01RT0136,GODAKAWELA,80.65,6.5,204,5,PRECIP,1963,10,21,52.3
01RT0136,GODAKAWELA,80.65,6.5,204,5,PRECIP,1985,6,4,52.1
01RT0136,GODAKAWELA,80.65,6.5,204,5,PRECIP,1955,4,17,52.0
01RT0136,GODAKAWELA,80.65,6.5,204,5,PRECIP,1916,5,15,52.0
01RT0136,GODAKAWELA,80.65,6.5,204,5,PRECIP,1916,4,28,52.0
01RT0136,GODAKAWELA,80.65,6.5,204,5,PRECIP,1955,2,1,52.0
01RT0136,GODAKAWELA,80.65,6.5,204,5,PRECIP,1955,11,28,52.0
01RT0136,GODAKAWELA,80.65,6.5,204,5,PRECIP,1914,3,9,52.0
01RT0136,GODAKAWELA,80.65,6.5,204,5,PRECIP,1920,10,23,51.8
01RT0136,GODAKAWELA,80.65,6.5,204,5,PRECIP,1945,11,16,51.8
01RT0136,GODAKAWELA,80.65,6.5,204,5,PRECIP,1974,8,17,51.8
01RT0136,GODAKAWELA,80.65,6.5,204,5,PRECIP,1940,3,29,51.5
01RT0136,GODAKAWELA,80.65,6.5,204,5,PRECIP,1969,12,27,51.5
01RT0136,GODAKAWELA,80.65,6.5,204,5,PRECIP,1941,10,29,51.5
01RT0136,GODAKAWELA,80.65,6.5,204,5,PRECIP,1924,11,24,51.5
01RT0136,GODAKAWELA,80.65,6.5,204,5,PRECIP,1971,11,15,51.5
01RT0136,GODAKAWELA,80.65,6.5,204,5,PRECIP,1950,10,15,51.5
01RT0136,GODAKAWELA,80.65,6.5,204,5,PRECIP,1993,11,13,51.3
01RT0136,GODAKAWELA,80.65,6.5,204,5,PRECIP,1956,1,8,51.3
01RT0136,GODAKAWELA,80.65,6.5,204,5,PRECIP,1933,11,1,51.3
01RT0136,GODAKAWELA,80.65,6.5,204,5,PRECIP,1974,7,27,51.3
01RT0136,GODAKAWELA,80.65,6.5,204,5,PRECIP,1990,11,26,51.0
01RT0136,GODAKAWELA,80.65,6.5,204,5,PRECIP,1933,5,9,51.0
01RT0136,GODAKAWELA,80.65,6.5,204,5,PRECIP,1945,4,18,51.0
01RT0136,GODAKAWELA,80.65,6.5,204,5,PRECIP,1944,1,6,51.0
01RT0136,GODAKAWELA,80.65,6.5,204,5,PRECIP,1977,10,14,50.8
01RT0136,GODAKAWELA,80.65,6.5,204,5,PRECIP,1935,12,23,50.8
01RT0136,GODAKAWELA,80.65,6.5,204,5,PRECIP,1983,12,25,50.8
01RT0136,GODAKAWELA,80.65,6.5,204,5,PRECIP,1958,11,7,50.8
01RT0136,GODAKAWELA,80.65,6.5,204,5,PRECIP,1970,4,16,50.8
01RT0136,GODAKAWELA,80.65,6.5,204,5,PRECIP,1964,3,19,50.8
01RT0136,GODAKAWELA,80.65,6.5,204,5,PRECIP,1969,10,5,50.8
01RT0136,GODAKAWELA,80.65,6.5,204,5,PRECIP,1934,12,2,50.8
01RT0136,GODAKAWELA,80.65,6.5,204,5,PRECIP,1993,11,7,50.8
01RT0136,GODAKAWELA,80.65,6.5,204,5,PRECIP,1994,10,26,50.8
01RT0136,GODAKAWELA,80.65,6.5,204,5,PRECIP,1939,4,11,50.8
01RT0136,GODAKAWELA,80.65,6.5,204,5,PRECIP,1967,4,29,50.8
01RT0136,GODAKAWELA,80.65,6.5,204,5,PRECIP,1986,4,8,50.8
01RT0136,GODAKAWELA,80.65,6.5,204,5,PRECIP,1987,1,29,50.8
01RT0136,GODAKAWELA,80.65,6.5,204,5,PRECIP,1977,3,13,50.8
01RT0136,GODAKAWELA,80.65,6.5,204,5,PRECIP,1951,11,16,50.8
01RT0136,GODAKAWELA,80.65,6.5,204,5,PRECIP,1985,3,13,50.8
01RT0136,GODAKAWELA,80.65,6.5,204,5,PRECIP,1976,12,6,50.8
01RT0136,GODAKAWELA,80.65,6.5,204,5,PRECIP,1985,2,6,50.8
01RT0136,GODAKAWELA,80.65,6.5,204,5,PRECIP,1971,3,7,50.8
01RT0136,GODAKAWELA,80.65,6.5,204,5,PRECIP,1973,3,19,50.8
01RT0136,GODAKAWELA,80.65,6.5,204,5,PRECIP,1920,3,30,50.8
01RT0136,GODAKAWELA,80.65,6.5,204,5,PRECIP,1971,8,19,50.8
01RT0136,GODAKAWELA,80.65,6.5,204,5,PRECIP,1986,4,30,50.5
01RT0136,GODAKAWELA,80.65,6.5,204,5,PRECIP,1992,11,12,50.3
01RT0136,GODAKAWELA,80.65,6.5,204,5,PRECIP,1940,11,25,50.2
01RT0136,GODAKAWELA,80.65,6.5,204,5,PRECIP,1945,6,6,50.2
01RT0136,GODAKAWELA,80.65,6.5,204,5,PRECIP,1964,5,19,50.2
01RT0136,GODAKAWELA,80.65,6.5,204,5,PRECIP,1941,10,22,50.2
01RT0136,GODAKAWELA,80.65,6.5,204,5,PRECIP,1927,10,23,50.2
01RT0136,GODAKAWELA,80.65,6.5,204,5,PRECIP,1928,4,12,50.2
01RT0136,GODAKAWELA,80.65,6.5,204,5,PRECIP,1982,6,4,50.0
01RT0136,GODAKAWELA,80.65,6.5,204,5,PRECIP,1945,4,19,50.0
01RT0136,GODAKAWELA,80.65,6.5,204,5,PRECIP,1942,4,13,50.0
01RT0136,GODAKAWELA,80.65,6.5,204,5,PRECIP,1995,1,18,50.0
01RT0136,GODAKAWELA,80.65,6.5,204,5,PRECIP,1945,11,28,50.0
01RT0136,GODAKAWELA,80.65,6.5,204,5,PRECIP,1945,10,30,50.0
01RT0136,GODAKAWELA,80.65,6.5,204,5,PRECIP,1969,12,1,50.0
01RT0136,GODAKAWELA,80.65,6.5,204,5,PRECIP,1933,1,31,49.7
01RT0136,GODAKAWELA,80.65,6.5,204,5,PRECIP,1914,11,6,49.5
01RT0136,GODAKAWELA,80.65,6.5,204,5,PRECIP,1915,3,28,49.5
01RT0136,GODAKAWELA,80.65,6.5,204,5,PRECIP,1956,4,29,49.5
01RT0136,GODAKAWELA,80.65,6.5,204,5,PRECIP,1921,1,20,49.5
01RT0136,GODAKAWELA,80.65,6.5,204,5,PRECIP,1985,9,30,49.5
01RT0136,GODAKAWELA,80.65,6.5,204,5,PRECIP,1991,11,8,49.5
01RT0136,GODAKAWELA,80.65,6.5,204,5,PRECIP,1923,8,11,49.5
01RT0136,GODAKAWELA,80.65,6.5,204,5,PRECIP,1968,3,17,49.5
01RT0136,GODAKAWELA,80.65,6.5,204,5,PRECIP,1919,9,22,49.5
01RT0136,GODAKAWELA,80.65,6.5,204,5,PRECIP,1971,4,7,49.5
01RT0136,GODAKAWELA,80.65,6.5,204,5,PRECIP,1955,2,12,49.5
01RT0136,GODAKAWELA,80.65,6.5,204,5,PRECIP,1977,2,3,49.3
01RT0136,GODAKAWELA,80.65,6.5,204,5,PRECIP,1934,3,23,49.2
01RT0136,GODAKAWELA,80.65,6.5,204,5,PRECIP,1975,6,4,49.2
01RT0136,GODAKAWELA,80.65,6.5,204,5,PRECIP,1946,2,28,49.2
01RT0136,GODAKAWELA,80.65,6.5,204,5,PRECIP,1968,5,4,49.2
01RT0136,GODAKAWELA,80.65,6.5,204,5,PRECIP,1937,3,12,49.2
01RT0136,GODAKAWELA,80.65,6.5,204,5,PRECIP,1920,6,30,49.2
01RT0136,GODAKAWELA,80.65,6.5,204,5,PRECIP,1914,3,5,49.0
01RT0136,GODAKAWELA,80.65,6.5,204,5,PRECIP,1953,10,25,49.0
01RT0136,GODAKAWELA,80.65,6.5,204,5,PRECIP,1974,12,8,49.0
01RT0136,GODAKAWELA,80.65,6.5,204,5,PRECIP,1922,4,18,49.0
01RT0136,GODAKAWELA,80.65,6.5,204,5,PRECIP,1940,5,5,48.7
01RT0136,GODAKAWELA,80.65,6.5,204,5,PRECIP,1916,5,16,48.7
01RT0136,GODAKAWELA,80.65,6.5,204,5,PRECIP,1964,4,6,48.7
01RT0136,GODAKAWELA,80.65,6.5,204,5,PRECIP,1952,4,2,48.5
01RT0136,GODAKAWELA,80.65,6.5,204,5,PRECIP,1941,3,18,48.5
01RT0136,GODAKAWELA,80.65,6.5,204,5,PRECIP,1987,4,30,48.5
01RT0136,GODAKAWELA,80.65,6.5,204,5,PRECIP,1930,10,18,48.5
01RT0136,GODAKAWELA,80.65,6.5,204,5,PRECIP,1984,4,12,48.3
01RT0136,GODAKAWELA,80.65,6.5,204,5,PRECIP,1977,10,10,48.3
01RT0136,GODAKAWELA,80.65,6.5,204,5,PRECIP,1924,3,21,48.2
01RT0136,GODAKAWELA,80.65,6.5,204,5,PRECIP,1913,12,24,48.2
01RT0136,GODAKAWELA,80.65,6.5,204,5,PRECIP,1968,3,26,48.2
01RT0136,GODAKAWELA,80.65,6.5,204,5,PRECIP,1917,3,16,48.2
01RT0136,GODAKAWELA,80.65,6.5,204,5,PRECIP,1927,9,16,48.2
01RT0136,GODAKAWELA,80.65,6.5,204,5,PRECIP,1954,3,8,48.2
01RT0136,GODAKAWELA,80.65,6.5,204,5,PRECIP,1955,11,24,48.2
01RT0136,GODAKAWELA,80.65,6.5,204,5,PRECIP,1922,1,7,48.2
01RT0136,GODAKAWELA,80.65,6.5,204,5,PRECIP,1924,5,29,48.2
01RT0136,GODAKAWELA,80.65,6.5,204,5,PRECIP,1928,12,30,48.2
01RT0136,GODAKAWELA,80.65,6.5,204,5,PRECIP,1929,3,2,48.2
01RT0136,GODAKAWELA,80.65,6.5,204,5,PRECIP,1930,3,15,48.2
01RT0136,GODAKAWELA,80.65,6.5,204,5,PRECIP,1929,10,29,48.2
01RT0136,GODAKAWELA,80.65,6.5,204,5,PRECIP,1950,11,28,48.2
01RT0136,GODAKAWELA,80.65,6.5,204,5,PRECIP,1931,1,18,48.2
01RT0136,GODAKAWELA,80.65,6.5,204,5,PRECIP,1943,12,3,48.2
01RT0136,GODAKAWELA,80.65,6.5,204,5,PRECIP,1915,7,17,48.2
01RT0136,GODAKAWELA,80.65,6.5,204,5,PRECIP,1916,3,9,48.2
01RT0136,GODAKAWELA,80.65,6.5,204,5,PRECIP,1916,6,3,48.2
01RT0136,GODAKAWELA,80.65,6.5,204,5,PRECIP,1932,10,10,48.0
01RT0136,GODAKAWELA,80.65,6.5,204,5,PRECIP,1978,2,20,48.0
01RT0136,GODAKAWELA,80.65,6.5,204,5,PRECIP,1969,5,26,48.0
01RT0136,GODAKAWELA,80.65,6.5,204,5,PRECIP,1946,12,4,47.7
01RT0136,GODAKAWELA,80.65,6.5,204,5,PRECIP,1971,12,8,47.7
01RT0136,GODAKAWELA,80.65,6.5,204,5,PRECIP,1960,2,20,47.5
01RT0136,GODAKAWELA,80.65,6.5,204,5,PRECIP,1944,2,9,47.5
01RT0136,GODAKAWELA,80.65,6.5,204,5,PRECIP,1934,10,8,47.5
01RT0136,GODAKAWELA,80.65,6.5,204,5,PRECIP,1978,9,26,47.5
01RT0136,GODAKAWELA,80.65,6.5,204,5,PRECIP,1957,11,11,47.5
01RT0136,GODAKAWELA,80.65,6.5,204,5,PRECIP,1969,11,30,47.5
01RT0136,GODAKAWELA,80.65,6.5,204,5,PRECIP,1943,10,24,47.5
01RT0136,GODAKAWELA,80.65,6.5,204,5,PRECIP,1921,4,24,47.5
01RT0136,GODAKAWELA,80.65,6.5,204,5,PRECIP,1994,5,5,47.2
01RT0136,GODAKAWELA,80.65,6.5,204,5,PRECIP,1948,11,22,47.2
01RT0136,GODAKAWELA,80.65,6.5,204,5,PRECIP,1921,6,7,47.2
01RT0136,GODAKAWELA,80.65,6.5,204,5,PRECIP,1971,11,29,47.2
01RT0136,GODAKAWELA,80.65,6.5,204,5,PRECIP,1974,4,14,47.2
01RT0136,GODAKAWELA,80.65,6.5,204,5,PRECIP,1979,9,26,47.0
01RT0136,GODAKAWELA,80.65,6.5,204,5,PRECIP,1930,5,6,46.9
01RT0136,GODAKAWELA,80.65,6.5,204,5,PRECIP,1956,12,8,46.9
01RT0136,GODAKAWELA,80.65,6.5,204,5,PRECIP,1929,11,23,46.9
01RT0136,GODAKAWELA,80.65,6.5,204,5,PRECIP,1941,4,22,46.9
01RT0136,GODAKAWELA,80.65,6.5,204,5,PRECIP,1971,9,24,46.9
01RT0136,GODAKAWELA,80.65,6.5,204,5,PRECIP,1971,2,24,46.9
01RT0136,GODAKAWELA,80.65,6.5,204,5,PRECIP,1945,10,17,46.9
01RT0136,GODAKAWELA,80.65,6.5,204,5,PRECIP,1954,4,5,46.9
01RT0136,GODAKAWELA,80.65,6.5,204,5,PRECIP,1954,3,27,46.9
01RT0136,GODAKAWELA,80.65,6.5,204,5,PRECIP,1964,12,9,46.7
01RT0136,GODAKAWELA,80.65,6.5,204,5,PRECIP,1917,3,30,46.7
01RT0136,GODAKAWELA,80.65,6.5,204,5,PRECIP,1993,5,4,46.7
01RT0136,GODAKAWELA,80.65,6.5,204,5,PRECIP,1995,3,28,46.7
01RT0136,GODAKAWELA,80.65,6.5,204,5,PRECIP,1941,10,19,46.7
01RT0136,GODAKAWELA,80.65,6.5,204,5,PRECIP,1936,5,18,46.7
01RT0136,GODAKAWELA,80.65,6.5,204,5,PRECIP,1988,11,9,46.5
01RT0136,GODAKAWELA,80.65,6.5,204,5,PRECIP,1991,3,6,46.5
01RT0136,GODAKAWELA,80.65,6.5,204,5,PRECIP,1982,3,29,46.5
01RT0136,GODAKAWELA,80.65,6.5,204,5,PRECIP,1973,3,30,46.4
01RT0136,GODAKAWELA,80.65,6.5,204,5,PRECIP,1965,11,14,46.4
01RT0136,GODAKAWELA,80.65,6.5,204,5,PRECIP,1936,11,27,46.4
01RT0136,GODAKAWELA,80.65,6.5,204,5,PRECIP,1921,4,3,46.4
01RT0136,GODAKAWELA,80.65,6.5,204,5,PRECIP,1960,3,6,46.2
01RT0136,GODAKAWELA,80.65,6.5,204,5,PRECIP,1924,5,24,46.2
01RT0136,GODAKAWELA,80.65,6.5,204,5,PRECIP,1992,11,21,46.2
01RT0136,GODAKAWELA,80.65,6.5,204,5,PRECIP,1995,10,8,46.0
01RT0136,GODAKAWELA,80.65,6.5,204,5,PRECIP,1989,11,20,46.0
01RT0136,GODAKAWELA,80.65,6.5,204,5,PRECIP,1916,12,17,45.9
01RT0136,GODAKAWELA,80.65,6.5,204,5,PRECIP,1973,10,29,45.9
01RT0136,GODAKAWELA,80.65,6.5,204,5,PRECIP,1982,12,5,45.7
01RT0136,GODAKAWELA,80.65,6.5,204,5,PRECIP,1979,10,16,45.7
01RT0136,GODAKAWELA,80.65,6.5,204,5,PRECIP,1971,12,17,45.7
01RT0136,GODAKAWELA,80.65,6.5,204,5,PRECIP,1987,9,17,45.7
01RT0136,GODAKAWELA,80.65,6.5,204,5,PRECIP,1985,2,27,45.7
01RT0136,GODAKAWELA,80.65,6.5,204,5,PRECIP,1957,4,1,45.7
01RT0136,GODAKAWELA,80.65,6.5,204,5,PRECIP,1928,4,7,45.7
01RT0136,GODAKAWELA,80.65,6.5,204,5,PRECIP,1945,3,13,45.7
01RT0136,GODAKAWELA,80.65,6.5,204,5,PRECIP,1915,7,15,45.7
01RT0136,GODAKAWELA,80.65,6.5,204,5,PRECIP,1935,11,18,45.7
01RT0136,GODAKAWELA,80.65,6.5,204,5,PRECIP,1954,12,25,45.7
01RT0136,GODAKAWELA,80.65,6.5,204,5,PRECIP,1919,5,7,45.7
01RT0136,GODAKAWELA,80.65,6.5,204,5,PRECIP,1919,9,21,45.7
01RT0136,GODAKAWELA,80.65,6.5,204,5,PRECIP,1983,2,21,45.7
01RT0136,GODAKAWELA,80.65,6.5,204,5,PRECIP,1983,10,17,45.7
01RT0136,GODAKAWELA,80.65,6.5,204,5,PRECIP,1988,4,6,45.7
01RT0136,GODAKAWELA,80.65,6.5,204,5,PRECIP,1988,1,13,45.7
01RT0136,GODAKAWELA,80.65,6.5,204,5,PRECIP,1988,5,19,45.7
01RT0136,GODAKAWELA,80.65,6.5,204,5,PRECIP,1948,3,30,45.7
01RT0136,GODAKAWELA,80.65,6.5,204,5,PRECIP,1947,11,20,45.7
01RT0136,GODAKAWELA,80.65,6.5,204,5,PRECIP,1933,4,27,45.7
01RT0136,GODAKAWELA,80.65,6.5,204,5,PRECIP,1934,1,13,45.7
01RT0136,GODAKAWELA,80.65,6.5,204,5,PRECIP,1938,4,23,45.7
01RT0136,GODAKAWELA,80.65,6.5,204,5,PRECIP,1969,12,16,45.7
01RT0136,GODAKAWELA,80.65,6.5,204,5,PRECIP,1920,12,13,45.7
01RT0136,GODAKAWELA,80.65,6.5,204,5,PRECIP,1994,4,1,45.7
01RT0136,GODAKAWELA,80.65,6.5,204,5,PRECIP,1939,4,4,45.7
01RT0136,GODAKAWELA,80.65,6.5,204,5,PRECIP,1937,10,30,45.7
01RT0136,GODAKAWELA,80.65,6.5,204,5,PRECIP,1920,11,12,45.7
01RT0136,GODAKAWELA,80.65,6.5,204,5,PRECIP,1930,2,10,45.7
01RT0136,GODAKAWELA,80.65,6.5,204,5,PRECIP,1959,5,13,45.7
01RT0136,GODAKAWELA,80.65,6.5,204,5,PRECIP,1918,10,8,45.7
01RT0136,GODAKAWELA,80.65,6.5,204,5,PRECIP,1956,11,10,45.7
01RT0136,GODAKAWELA,80.65,6.5,204,5,PRECIP,1948,12,14,45.4
01RT0136,GODAKAWELA,80.65,6.5,204,5,PRECIP,1953,4,25,45.4
01RT0136,GODAKAWELA,80.65,6.5,204,5,PRECIP,1947,3,24,45.4
01RT0136,GODAKAWELA,80.65,6.5,204,5,PRECIP,1943,5,14,45.4
01RT0136,GODAKAWELA,80.65,6.5,204,5,PRECIP,1922,4,14,45.4
01RT0136,GODAKAWELA,80.65,6.5,204,5,PRECIP,1950,11,9,45.4
01RT0136,GODAKAWELA,80.65,6.5,204,5,PRECIP,1976,5,21,45.2
01RT0136,GODAKAWELA,80.65,6.5,204,5,PRECIP,1955,2,23,45.2
01RT0136,GODAKAWELA,80.65,6.5,204,5,PRECIP,1971,9,9,45.2
01RT0136,GODAKAWELA,80.65,6.5,204,5,PRECIP,1959,10,24,45.2
01RT0136,GODAKAWELA,80.65,6.5,204,5,PRECIP,1926,4,13,45.2
01RT0136,GODAKAWELA,80.65,6.5,204,5,PRECIP,1995,3,30,45.0
01RT0136,GODAKAWELA,80.65,6.5,204,5,PRECIP,1988,1,26,45.0
01RT0136,GODAKAWELA,80.65,6.5,204,5,PRECIP,1996,3,17,45.0
01RT0136,GODAKAWELA,80.65,6.5,204,5,PRECIP,1989,7,20,45.0
01RT0136,GODAKAWELA,80.65,6.5,204,5,PRECIP,1953,10,19,44.9
01RT0136,GODAKAWELA,80.65,6.5,204,5,PRECIP,1920,11,11,44.9
01RT0136,GODAKAWELA,80.65,6.5,204,5,PRECIP,1949,11,17,44.9
01RT0136,GODAKAWELA,80.65,6.5,204,5,PRECIP,1947,3,16,44.9
01RT0136,GODAKAWELA,80.65,6.5,204,5,PRECIP,1958,5,4,44.9
01RT0136,GODAKAWELA,80.65,6.5,204,5,PRECIP,1969,8,16,44.7
01RT0136,GODAKAWELA,80.65,6.5,204,5,PRECIP,1978,3,8,44.7
01RT0136,GODAKAWELA,80.65,6.5,204,5,PRECIP,1968,6,28,44.7
01RT0136,GODAKAWELA,80.65,6.5,204,5,PRECIP,1931,4,9,44.4
01RT0136,GODAKAWELA,80.65,6.5,204,5,PRECIP,1916,5,17,44.4
01RT0136,GODAKAWELA,80.65,6.5,204,5,PRECIP,1991,10,16,44.4
01RT0136,GODAKAWELA,80.65,6.5,204,5,PRECIP,1987,1,25,44.4
01RT0136,GODAKAWELA,80.65,6.5,204,5,PRECIP,1965,9,26,44.4
01RT0136,GODAKAWELA,80.65,6.5,204,5,PRECIP,1930,12,3,44.4
01RT0136,GODAKAWELA,80.65,6.5,204,5,PRECIP,1989,7,12,44.4
01RT0136,GODAKAWELA,80.65,6.5,204,5,PRECIP,1971,10,20,44.4
01RT0136,GODAKAWELA,80.65,6.5,204,5,PRECIP,1919,4,4,44.4
01RT0136,GODAKAWELA,80.65,6.5,204,5,PRECIP,1919,3,19,44.4
01RT0136,GODAKAWELA,80.65,6.5,204,5,PRECIP,1947,3,5,44.4
01RT0136,GODAKAWELA,80.65,6.5,204,5,PRECIP,1934,1,14,44.4
01RT0136,GODAKAWELA,80.65,6.5,204,5,PRECIP,1948,4,1,44.4
01RT0136,GODAKAWELA,80.65,6.5,204,5,PRECIP,1967,11,16,44.4
01RT0136,GODAKAWELA,80.65,6.5,204,5,PRECIP,1954,11,16,44.4
01RT0136,GODAKAWELA,80.65,6.5,204,5,PRECIP,1979,6,13,44.4
01RT0136,GODAKAWELA,80.65,6.5,204,5,PRECIP,1957,3,2,44.4
01RT0136,GODAKAWELA,80.65,6.5,204,5,PRECIP,1957,11,14,44.4
01RT0136,GODAKAWELA,80.65,6.5,204,5,PRECIP,1935,5,14,44.4
01RT0136,GODAKAWELA,80.65,6.5,204,5,PRECIP,1937,4,11,44.2
01RT0136,GODAKAWELA,80.65,6.5,204,5,PRECIP,1993,4,15,44.2
01RT0136,GODAKAWELA,80.65,6.5,204,5,PRECIP,1945,5,11,44.2
01RT0136,GODAKAWELA,80.65,6.5,204,5,PRECIP,1954,11,17,44.2
01RT0136,GODAKAWELA,80.65,6.5,204,5,PRECIP,1952,1,24,43.9
01RT0136,GODAKAWELA,80.65,6.5,204,5,PRECIP,1958,5,2,43.9
01RT0136,GODAKAWELA,80.65,6.5,204,5,PRECIP,1918,1,8,43.9
01RT0136,GODAKAWELA,80.65,6.5,204,5,PRECIP,1951,2,18,43.9
01RT0136,GODAKAWELA,80.65,6.5,204,5,PRECIP,1960,1,18,43.9
01RT0136,GODAKAWELA,80.65,6.5,204,5,PRECIP,1927,5,20,43.9
01RT0136,GODAKAWELA,80.65,6.5,204,5,PRECIP,1982,4,28,43.7
01RT0136,GODAKAWELA,80.65,6.5,204,5,PRECIP,1938,3,2,43.6
01RT0136,GODAKAWELA,80.65,6.5,204,5,PRECIP,1974,9,16,43.6
01RT0136,GODAKAWELA,80.65,6.5,204,5,PRECIP,1939,12,12,43.6
01RT0136,GODAKAWELA,80.65,6.5,204,5,PRECIP,1993,5,26,43.4
01RT0136,GODAKAWELA,80.65,6.5,204,5,PRECIP,1934,11,25,43.4
01RT0136,GODAKAWELA,80.65,6.5,204,5,PRECIP,1991,11,17,43.2
01RT0136,GODAKAWELA,80.65,6.5,204,5,PRECIP,1987,1,9,43.2
01RT0136,GODAKAWELA,80.65,6.5,204,5,PRECIP,1988,4,14,43.2
01RT0136,GODAKAWELA,80.65,6.5,204,5,PRECIP,1988,2,14,43.2
01RT0136,GODAKAWELA,80.65,6.5,204,5,PRECIP,1985,2,26,43.2
01RT0136,GODAKAWELA,80.65,6.5,204,5,PRECIP,1991,3,31,43.2
01RT0136,GODAKAWELA,80.65,6.5,204,5,PRECIP,1987,11,17,43.2
01RT0136,GODAKAWELA,80.65,6.5,204,5,PRECIP,1920,4,18,43.1
01RT0136,GODAKAWELA,80.65,6.5,204,5,PRECIP,1930,5,9,43.1
01RT0136,GODAKAWELA,80.65,6.5,204,5,PRECIP,1915,10,24,43.1
01RT0136,GODAKAWELA,80.65,6.5,204,5,PRECIP,1925,11,5,43.1
01RT0136,GODAKAWELA,80.65,6.5,204,5,PRECIP,1915,4,24,43.1
01RT0136,GODAKAWELA,80.65,6.5,204,5,PRECIP,1915,4,17,43.1
01RT0136,GODAKAWELA,80.65,6.5,204,5,PRECIP,1937,2,20,43.1
01RT0136,GODAKAWELA,80.65,6.5,204,5,PRECIP,1926,12,15,43.1
01RT0136,GODAKAWELA,80.65,6.5,204,5,PRECIP,1916,5,24,43.1
01RT0136,GODAKAWELA,80.65,6.5,204,5,PRECIP,1915,4,25,43.1
01RT0136,GODAKAWELA,80.65,6.5,204,5,PRECIP,1947,12,13,43.1
01RT0136,GODAKAWELA,80.65,6.5,204,5,PRECIP,1918,10,13,43.1
01RT0136,GODAKAWELA,80.65,6.5,204,5,PRECIP,1966,4,30,43.1
01RT0136,GODAKAWELA,80.65,6.5,204,5,PRECIP,1955,12,26,43.1
01RT0136,GODAKAWELA,80.65,6.5,204,5,PRECIP,1948,3,26,43.1
01RT0136,GODAKAWELA,80.65,6.5,204,5,PRECIP,1948,12,3,43.1
01RT0136,GODAKAWELA,80.65,6.5,204,5,PRECIP,1916,10,16,43.1
01RT0136,GODAKAWELA,80.65,6.5,204,5,PRECIP,1929,12,23,43.1
01RT0136,GODAKAWELA,80.65,6.5,204,5,PRECIP,1928,12,29,43.1
01RT0136,GODAKAWELA,80.65,6.5,204,5,PRECIP,1928,4,11,43.1
01RT0136,GODAKAWELA,80.65,6.5,204,5,PRECIP,1937,3,18,43.1
01RT0136,GODAKAWELA,80.65,6.5,204,5,PRECIP,1936,11,28,43.1
01RT0136,GODAKAWELA,80.65,6.5,204,5,PRECIP,1930,1,18,43.1
01RT0136,GODAKAWELA,80.65,6.5,204,5,PRECIP,1939,9,19,42.9
01RT0136,GODAKAWELA,80.65,6.5,204,5,PRECIP,1921,11,8,42.9
01RT0136,GODAKAWELA,80.65,6.5,204,5,PRECIP,1959,12,19,42.9
01RT0136,GODAKAWELA,80.65,6.5,204,5,PRECIP,1952,3,31,42.9
01RT0136,GODAKAWELA,80.65,6.5,204,5,PRECIP,1913,10,26,42.9
01RT0136,GODAKAWELA,80.65,6.5,204,5,PRECIP,1966,3,5,42.6
01RT0136,GODAKAWELA,80.65,6.5,204,5,PRECIP,1969,10,19,42.6
01RT0136,GODAKAWELA,80.65,6.5,204,5,PRECIP,1937,10,24,42.4
01RT0136,GODAKAWELA,80.65,6.5,204,5,PRECIP,1924,1,3,42.4
01RT0136,GODAKAWELA,80.65,6.5,204,5,PRECIP,1975,9,27,42.4
01RT0136,GODAKAWELA,80.65,6.5,204,5,PRECIP,1991,12,18,42.4
01RT0136,GODAKAWELA,80.65,6.5,204,5,PRECIP,1914,4,21,42.4
01RT0136,GODAKAWELA,80.65,6.5,204,5,PRECIP,1932,4,28,42.4
01RT0136,GODAKAWELA,80.65,6.5,204,5,PRECIP,1961,11,22,42.4
01RT0136,GODAKAWELA,80.65,6.5,204,5,PRECIP,1941,5,23,42.4
01RT0136,GODAKAWELA,80.65,6.5,204,5,PRECIP,1951,4,13,42.4
01RT0136,GODAKAWELA,80.65,6.5,204,5,PRECIP,1920,3,7,42.1
01RT0136,GODAKAWELA,80.65,6.5,204,5,PRECIP,1958,3,24,42.1
01RT0136,GODAKAWELA,80.65,6.5,204,5,PRECIP,1961,10,27,42.1
01RT0136,GODAKAWELA,80.65,6.5,204,5,PRECIP,1939,12,4,42.1
01RT0136,GODAKAWELA,80.65,6.5,204,5,PRECIP,1923,7,22,42.1
01RT0136,GODAKAWELA,80.65,6.5,204,5,PRECIP,1926,5,17,42.1
01RT0136,GODAKAWELA,80.65,6.5,204,5,PRECIP,1934,11,29,42.1
01RT0136,GODAKAWELA,80.65,6.5,204,5,PRECIP,1961,12,7,42.1
01RT0136,GODAKAWELA,80.65,6.5,204,5,PRECIP,1990,10,22,42.0
01RT0136,GODAKAWELA,80.65,6.5,204,5,PRECIP,1941,10,30,41.9
01RT0136,GODAKAWELA,80.65,6.5,204,5,PRECIP,1986,4,26,41.9
01RT0136,GODAKAWELA,80.65,6.5,204,5,PRECIP,1928,11,1,41.9
01RT0136,GODAKAWELA,80.65,6.5,204,5,PRECIP,1917,4,7,41.9
01RT0136,GODAKAWELA,80.65,6.5,204,5,PRECIP,1927,10,27,41.9
01RT0136,GODAKAWELA,80.65,6.5,204,5,PRECIP,1933,12,10,41.9
01RT0136,GODAKAWELA,80.65,6.5,204,5,PRECIP,1918,3,18,41.9
01RT0136,GODAKAWELA,80.65,6.5,204,5,PRECIP,1946,4,4,41.9
01RT0136,GODAKAWELA,80.65,6.5,204,5,PRECIP,1951,7,12,41.9
01RT0136,GODAKAWELA,80.65,6.5,204,5,PRECIP,1918,6,15,41.9
01RT0136,GODAKAWELA,80.65,6.5,204,5,PRECIP,1989,4,15,41.9
01RT0136,GODAKAWELA,80.65,6.5,204,5,PRECIP,1930,3,29,41.9
01RT0136,GODAKAWELA,80.65,6.5,204,5,PRECIP,1982,4,17,41.9
01RT0136,GODAKAWELA,80.65,6.5,204,5,PRECIP,1962,11,13,41.9
01RT0136,GODAKAWELA,80.65,6.5,204,5,PRECIP,1924,1,13,41.9
01RT0136,GODAKAWELA,80.65,6.5,204,5,PRECIP,1946,4,19,41.9
01RT0136,GODAKAWELA,80.65,6.5,204,5,PRECIP,1988,4,20,41.9
01RT0136,GODAKAWELA,80.65,6.5,204,5,PRECIP,1992,11,10,41.9
01RT0136,GODAKAWELA,80.65,6.5,204,5,PRECIP,1930,11,24,41.9
01RT0136,GODAKAWELA,80.65,6.5,204,5,PRECIP,1992,8,30,41.9
01RT0136,GODAKAWELA,80.65,6.5,204,5,PRECIP,1960,1,13,41.9
01RT0136,GODAKAWELA,80.65,6.5,204,5,PRECIP,1963,8,3,41.9
01RT0136,GODAKAWELA,80.65,6.5,204,5,PRECIP,1917,2,20,41.6
01RT0136,GODAKAWELA,80.65,6.5,204,5,PRECIP,1952,11,20,41.6
01RT0136,GODAKAWELA,80.65,6.5,204,5,PRECIP,1959,12,3,41.6
01RT0136,GODAKAWELA,80.65,6.5,204,5,PRECIP,1942,11,30,41.6
01RT0136,GODAKAWELA,80.65,6.5,204,5,PRECIP,1977,6,14,41.4
01RT0136,GODAKAWELA,80.65,6.5,204,5,PRECIP,1946,4,5,41.4
01RT0136,GODAKAWELA,80.65,6.5,204,5,PRECIP,1948,10,15,41.4
01RT0136,GODAKAWELA,80.65,6.5,204,5,PRECIP,1975,8,11,41.4
01RT0136,GODAKAWELA,80.65,6.5,204,5,PRECIP,1992,12,1,41.2
01RT0136,GODAKAWELA,80.65,6.5,204,5,PRECIP,1986,4,13,41.2
01RT0136,GODAKAWELA,80.65,6.5,204,5,PRECIP,1984,10,29,41.2
01RT0136,GODAKAWELA,80.65,6.5,204,5,PRECIP,1957,4,27,41.1
01RT0136,GODAKAWELA,80.65,6.5,204,5,PRECIP,1973,10,15,41.1
01RT0136,GODAKAWELA,80.65,6.5,204,5,PRECIP,1939,12,3,41.1
01RT0136,GODAKAWELA,80.65,6.5,204,5,PRECIP,1952,12,7,41.1
01RT0136,GODAKAWELA,80.65,6.5,204,5,PRECIP,1937,3,21,41.1
01RT0136,GODAKAWELA,80.65,6.5,204,5,PRECIP,1955,4,16,41.1
01RT0136,GODAKAWELA,80.65,6.5,204,5,PRECIP,1945,10,16,41.1
01RT0136,GODAKAWELA,80.65,6.5,204,5,PRECIP,1943,5,15,41.1
01RT0136,GODAKAWELA,80.65,6.5,204,5,PRECIP,1943,11,26,41.1
01RT0136,GODAKAWELA,80.65,6.5,204,5,PRECIP,1990,11,20,41.0
01RT0136,GODAKAWELA,80.65,6.5,204,5,PRECIP,1991,8,19,40.9
01RT0136,GODAKAWELA,80.65,6.5,204,5,PRECIP,1928,11,30,40.8
01RT0136,GODAKAWELA,80.65,6.5,204,5,PRECIP,1976,11,30,40.8
01RT0136,GODAKAWELA,80.65,6.5,204,5,PRECIP,1961,7,28,40.8
01RT0136,GODAKAWELA,80.65,6.5,204,5,PRECIP,1991,5,27,40.6
01RT0136,GODAKAWELA,80.65,6.5,204,5,PRECIP,1951,2,24,40.6
01RT0136,GODAKAWELA,80.65,6.5,204,5,PRECIP,1949,11,20,40.6
01RT0136,GODAKAWELA,80.65,6.5,204,5,PRECIP,1989,6,2,40.6
01RT0136,GODAKAWELA,80.65,6.5,204,5,PRECIP,1926,12,5,40.6
01RT0136,GODAKAWELA,80.65,6.5,204,5,PRECIP,1959,2,20,40.6
01RT0136,GODAKAWELA,80.65,6.5,204,5,PRECIP,1969,12,30,40.6
01RT0136,GODAKAWELA,80.65,6.5,204,5,PRECIP,1916,7,14,40.6
01RT0136,GODAKAWELA,80.65,6.5,204,5,PRECIP,1920,12,16,40.6
01RT0136,GODAKAWELA,80.65,6.5,204,5,PRECIP,1952,2,13,40.6
01RT0136,GODAKAWELA,80.65,6.5,204,5,PRECIP,1941,12,21,40.6
01RT0136,GODAKAWELA,80.65,6.5,204,5,PRECIP,1942,5,31,40.6
01RT0136,GODAKAWELA,80.65,6.5,204,5,PRECIP,1923,4,1,40.6
01RT0136,GODAKAWELA,80.65,6.5,204,5,PRECIP,1919,12,8,40.6
01RT0136,GODAKAWELA,80.65,6.5,204,5,PRECIP,1937,9,29,40.6
01RT0136,GODAKAWELA,80.65,6.5,204,5,PRECIP,1968,1,8,40.6
01RT0136,GODAKAWELA,80.65,6.5,204,5,PRECIP,1920,10,20,40.6
01RT0136,GODAKAWELA,80.65,6.5,204,5,PRECIP,1986,2,18,40.6
01RT0136,GODAKAWELA,80.65,6.5,204,5,PRECIP,1974,4,12,40.6
01RT0136,GODAKAWELA,80.65,6.5,204,5,PRECIP,1956,4,28,40.6
01RT0136,GODAKAWELA,80.65,6.5,204,5,PRECIP,1927,1,8,40.6
01RT0136,GODAKAWELA,80.65,6.5,204,5,PRECIP,1929,10,24,40.6
01RT0136,GODAKAWELA,80.65,6.5,204,5,PRECIP,1934,3,22,40.6
01RT0136,GODAKAWELA,80.65,6.5,204,5,PRECIP,1983,9,22,40.6
01RT0136,GODAKAWELA,80.65,6.5,204,5,PRECIP,1919,3,30,40.6
01RT0136,GODAKAWELA,80.65,6.5,204,5,PRECIP,1983,11,28,40.6
01RT0136,GODAKAWELA,80.65,6.5,204,5,PRECIP,1931,4,4,40.6
01RT0136,GODAKAWELA,80.65,6.5,204,5,PRECIP,1954,1,24,40.6
01RT0136,GODAKAWELA,80.65,6.5,204,5,PRECIP,1923,11,14,40.6
01RT0136,GODAKAWELA,80.65,6.5,204,5,PRECIP,1941,1,16,40.6
01RT0136,GODAKAWELA,80.65,6.5,204,5,PRECIP,1955,11,20,40.6
01RT0136,GODAKAWELA,80.65,6.5,204,5,PRECIP,1963,10,19,40.3
01RT0136,GODAKAWELA,80.65,6.5,204,5,PRECIP,1961,1,30,40.3
01RT0136,GODAKAWELA,80.65,6.5,204,5,PRECIP,1924,11,27,40.3
01RT0136,GODAKAWELA,80.65,6.5,204,5,PRECIP,1949,11,15,40.3
01RT0136,GODAKAWELA,80.65,6.5,204,5,PRECIP,1947,9,10,40.1
01RT0136,GODAKAWELA,80.65,6.5,204,5,PRECIP,1944,11,22,40.1
01RT0136,GODAKAWELA,80.65,6.5,204,5,PRECIP,1945,1,31,40.1
01RT0136,GODAKAWELA,80.65,6.5,204,5,PRECIP,1936,3,19,40.1
01RT0136,GODAKAWELA,80.65,6.5,204,5,PRECIP,1923,12,14,40.1
01RT0136,GODAKAWELA,80.65,6.5,204,5,PRECIP,1961,2,23,40.1
01RT0136,GODAKAWELA,80.65,6.5,204,5,PRECIP,1918,10,28,40.1
01RT0136,GODAKAWELA,80.65,6.5,204,5,PRECIP,1959,10,26,40.1
01RT0136,GODAKAWELA,80.65,6.5,204,5,PRECIP,1986,1,9,39.9
01RT0136,GODAKAWELA,80.65,6.5,204,5,PRECIP,1917,12,19,39.8
01RT0136,GODAKAWELA,80.65,6.5,204,5,PRECIP,1933,5,25,39.8
01RT0136,GODAKAWELA,80.65,6.5,204,5,PRECIP,1963,12,29,39.8
01RT0136,GODAKAWELA,80.65,6.5,204,5,PRECIP,1951,6,9,39.8
01RT0136,GODAKAWELA,80.65,6.5,204,5,PRECIP,1953,3,22,39.6
01RT0136,GODAKAWELA,80.65,6.5,204,5,PRECIP,1951,6,8,39.6
01RT0136,GODAKAWELA,80.65,6.5,204,5,PRECIP,1918,10,29,39.6
01RT0136,GODAKAWELA,80.65,6.5,204,5,PRECIP,1919,11,23,39.6
01RT0136,GODAKAWELA,80.65,6.5,204,5,PRECIP,1930,11,23,39.6
01RT0136,GODAKAWELA,80.65,6.5,204,5,PRECIP,1973,4,9,39.6
01RT0136,GODAKAWELA,80.65,6.5,204,5,PRECIP,1977,2,24,39.4
01RT0136,GODAKAWELA,80.65,6.5,204,5,PRECIP,1983,12,24,39.4
01RT0136,GODAKAWELA,80.65,6.5,204,5,PRECIP,1986,2,20,39.4
01RT0136,GODAKAWELA,80.65,6.5,204,5,PRECIP,1984,11,22,39.4
01RT0136,GODAKAWELA,80.65,6.5,204,5,PRECIP,1988,2,28,39.4
01RT0136,GODAKAWELA,80.65,6.5,204,5,PRECIP,1943,5,21,39.3
01RT0136,GODAKAWELA,80.65,6.5,204,5,PRECIP,1931,3,13,39.3
01RT0136,GODAKAWELA,80.65,6.5,204,5,PRECIP,1918,3,31,39.3
01RT0136,GODAKAWELA,80.65,6.5,204,5,PRECIP,1971,2,20,39.3
01RT0136,GODAKAWELA,80.65,6.5,204,5,PRECIP,1955,4,20,39.3
01RT0136,GODAKAWELA,80.65,6.5,204,5,PRECIP,1919,1,27,39.3
01RT0136,GODAKAWELA,80.65,6.5,204,5,PRECIP,1974,4,13,39.3
01RT0136,GODAKAWELA,80.65,6.5,204,5,PRECIP,1941,5,26,39.3
01RT0136,GODAKAWELA,80.65,6.5,204,5,PRECIP,1963,4,11,39.1
01RT0136,GODAKAWELA,80.65,6.5,204,5,PRECIP,1936,10,25,39.1
01RT0136,GODAKAWELA,80.65,6.5,204,5,PRECIP,1968,11,4,39.1
01RT0136,GODAKAWELA,80.65,6.5,204,5,PRECIP,1975,2,3,39.1
01RT0136,GODAKAWELA,80.65,6.5,204,5,PRECIP,1914,10,17,39.1
01RT0136,GODAKAWELA,80.65,6.5,204,5,PRECIP,1996,3,25,39.0
01RT0136,GODAKAWELA,80.65,6.5,204,5,PRECIP,1996,4,2,39.0
01RT0136,GODAKAWELA,80.65,6.5,204,5,PRECIP,1995,11,12,39.0
01RT0136,GODAKAWELA,80.65,6.5,204,5,PRECIP,1957,12,24,38.8
01RT0136,GODAKAWELA,80.65,6.5,204,5,PRECIP,1971,10,17,38.8
01RT0136,GODAKAWELA,80.65,6.5,204,5,PRECIP,1948,1,23,38.8
01RT0136,GODAKAWELA,80.65,6.5,204,5,PRECIP,1972,7,16,38.8
01RT0136,GODAKAWELA,80.65,6.5,204,5,PRECIP,1946,1,9,38.8
01RT0136,GODAKAWELA,80.65,6.5,204,5,PRECIP,1969,5,5,38.8
01RT0136,GODAKAWELA,80.65,6.5,204,5,PRECIP,1971,7,24,38.8
01RT0136,GODAKAWELA,80.65,6.5,204,5,PRECIP,1931,4,5,38.6
01RT0136,GODAKAWELA,80.65,6.5,204,5,PRECIP,1988,8,11,38.6
01RT0136,GODAKAWELA,80.65,6.5,204,5,PRECIP,1922,6,30,38.6
01RT0136,GODAKAWELA,80.65,6.5,204,5,PRECIP,1922,10,11,38.6
01RT0136,GODAKAWELA,80.65,6.5,204,5,PRECIP,1976,3,30,38.6
01RT0136,GODAKAWELA,80.65,6.5,204,5,PRECIP,1990,11,6,38.4
01RT0136,GODAKAWELA,80.65,6.5,204,5,PRECIP,1977,3,8,38.4
01RT0136,GODAKAWELA,80.65,6.5,204,5,PRECIP,1968,5,2,38.3
01RT0136,GODAKAWELA,80.65,6.5,204,5,PRECIP,1964,12,14,38.3
01RT0136,GODAKAWELA,80.65,6.5,204,5,PRECIP,1962,10,7,38.3
01RT0136,GODAKAWELA,80.65,6.5,204,5,PRECIP,1913,12,15,38.3
01RT0136,GODAKAWELA,80.65,6.5,204,5,PRECIP,1950,4,28,38.3
01RT0136,GODAKAWELA,80.65,6.5,204,5,PRECIP,1958,1,16,38.3
01RT0136,GODAKAWELA,80.65,6.5,204,5,PRECIP,1933,3,20,38.3
01RT0136,GODAKAWELA,80.65,6.5,204,5,PRECIP,1941,10,21,38.3
01RT0136,GODAKAWELA,80.65,6.5,204,5,PRECIP,1987,11,19,38.1
01RT0136,GODAKAWELA,80.65,6.5,204,5,PRECIP,1977,12,27,38.1
01RT0136,GODAKAWELA,80.65,6.5,204,5,PRECIP,1987,10,27,38.1
01RT0136,GODAKAWELA,80.65,6.5,204,5,PRECIP,1985,6,24,38.1
01RT0136,GODAKAWELA,80.65,6.5,204,5,PRECIP,1984,5,28,38.1
01RT0136,GODAKAWELA,80.65,6.5,204,5,PRECIP,1985,10,2,38.1
01RT0136,GODAKAWELA,80.65,6.5,204,5,PRECIP,1985,6,13,38.1
01RT0136,GODAKAWELA,80.65,6.5,204,5,PRECIP,1985,12,12,38.1
01RT0136,GODAKAWELA,80.65,6.5,204,5,PRECIP,1982,11,2,38.1
01RT0136,GODAKAWELA,80.65,6.5,204,5,PRECIP,1983,5,17,38.1
01RT0136,GODAKAWELA,80.65,6.5,204,5,PRECIP,1994,10,25,38.1
01RT0136,GODAKAWELA,80.65,6.5,204,5,PRECIP,1984,1,18,38.1
01RT0136,GODAKAWELA,80.65,6.5,204,5,PRECIP,1988,12,4,38.1
01RT0136,GODAKAWELA,80.65,6.5,204,5,PRECIP,1981,11,2,38.1
01RT0136,GODAKAWELA,80.65,6.5,204,5,PRECIP,1989,5,29,38.1
01RT0136,GODAKAWELA,80.65,6.5,204,5,PRECIP,1982,11,13,38.1
01RT0136,GODAKAWELA,80.65,6.5,204,5,PRECIP,1983,11,19,38.1
01RT0136,GODAKAWELA,80.65,6.5,204,5,PRECIP,1939,3,11,38.0
01RT0136,GODAKAWELA,80.65,6.5,204,5,PRECIP,1916,3,12,38.0
01RT0136,GODAKAWELA,80.65,6.5,204,5,PRECIP,1916,3,17,38.0
01RT0136,GODAKAWELA,80.65,6.5,204,5,PRECIP,1921,10,18,38.0
01RT0136,GODAKAWELA,80.65,6.5,204,5,PRECIP,1973,4,7,38.0
01RT0136,GODAKAWELA,80.65,6.5,204,5,PRECIP,1956,6,18,38.0
01RT0136,GODAKAWELA,80.65,6.5,204,5,PRECIP,1916,7,25,38.0
01RT0136,GODAKAWELA,80.65,6.5,204,5,PRECIP,1915,10,27,38.0
01RT0136,GODAKAWELA,80.65,6.5,204,5,PRECIP,1965,10,13,38.0
01RT0136,GODAKAWELA,80.65,6.5,204,5,PRECIP,1913,11,18,38.0
01RT0136,GODAKAWELA,80.65,6.5,204,5,PRECIP,1914,5,26,38.0
01RT0136,GODAKAWELA,80.65,6.5,204,5,PRECIP,1936,9,24,38.0
01RT0136,GODAKAWELA,80.65,6.5,204,5,PRECIP,1936,5,22,38.0
01RT0136,GODAKAWELA,80.65,6.5,204,5,PRECIP,1915,7,16,38.0
01RT0136,GODAKAWELA,80.65,6.5,204,5,PRECIP,1973,12,18,38.0
01RT0136,GODAKAWELA,80.65,6.5,204,5,PRECIP,1976,12,5,38.0
01RT0136,GODAKAWELA,80.65,6.5,204,5,PRECIP,1952,1,22,38.0
01RT0136,GODAKAWELA,80.65,6.5,204,5,PRECIP,1917,10,18,38.0
01RT0136,GODAKAWELA,80.65,6.5,204,5,PRECIP,1968,6,25,38.0
01RT0136,GODAKAWELA,80.65,6.5,204,5,PRECIP,1920,9,6,38.0
01RT0136,GODAKAWELA,80.65,6.5,204,5,PRECIP,1916,9,13,38.0
01RT0136,GODAKAWELA,80.65,6.5,204,5,PRECIP,1919,9,26,38.0
01RT0136,GODAKAWELA,80.65,6.5,204,5,PRECIP,1930,1,3,38.0
01RT0136,GODAKAWELA,80.65,6.5,204,5,PRECIP,1913,10,18,38.0
01RT0136,GODAKAWELA,80.65,6.5,204,5,PRECIP,1915,4,18,38.0
01RT0136,GODAKAWELA,80.65,6.5,204,5,PRECIP,1914,6,1,38.0
01RT0136,GODAKAWELA,80.65,6.5,204,5,PRECIP,1969,11,16,38.0
01RT0136,GODAKAWELA,80.65,6.5,204,5,PRECIP,1969,12,28,38.0
01RT0136,GODAKAWELA,80.65,6.5,204,5,PRECIP,1933,12,6,38.0
01RT0136,GODAKAWELA,80.65,6.5,204,5,PRECIP,1970,7,15,38.0
01RT0136,GODAKAWELA,80.65,6.5,204,5,PRECIP,1970,3,27,38.0
01RT0136,GODAKAWELA,80.65,6.5,204,5,PRECIP,1973,8,5,38.0
01RT0136,GODAKAWELA,80.65,6.5,204,5,PRECIP,1918,1,19,38.0
01RT0136,GODAKAWELA,80.65,6.5,204,5,PRECIP,1970,12,17,38.0
01RT0136,GODAKAWELA,80.65,6.5,204,5,PRECIP,1951,6,10,38.0
01RT0136,GODAKAWELA,80.65,6.5,204,5,PRECIP,1925,10,17,38.0
01RT0136,GODAKAWELA,80.65,6.5,204,5,PRECIP,1944,4,2,38.0
01RT0136,GODAKAWELA,80.65,6.5,204,5,PRECIP,1945,6,9,38.0
01RT0136,GODAKAWELA,80.65,6.5,204,5,PRECIP,1931,8,2,38.0
01RT0136,GODAKAWELA,80.65,6.5,204,5,PRECIP,1994,9,14,38.0
01RT0136,GODAKAWELA,80.65,6.5,204,5,PRECIP,1953,10,8,37.8
01RT0136,GODAKAWELA,80.65,6.5,204,5,PRECIP,1950,3,9,37.8
01RT0136,GODAKAWELA,80.65,6.5,204,5,PRECIP,1932,4,30,37.8
01RT0136,GODAKAWELA,80.65,6.5,204,5,PRECIP,1982,6,6,37.6
01RT0136,GODAKAWELA,80.65,6.5,204,5,PRECIP,1988,3,19,37.6
01RT0136,GODAKAWELA,80.65,6.5,204,5,PRECIP,1991,10,20,37.6
01RT0136,GODAKAWELA,80.65,6.5,204,5,PRECIP,1923,11,26,37.5
01RT0136,GODAKAWELA,80.65,6.5,204,5,PRECIP,1955,2,7,37.5
01RT0136,GODAKAWELA,80.65,6.5,204,5,PRECIP,1925,3,10,37.5
01RT0136,GODAKAWELA,80.65,6.5,204,5,PRECIP,1934,6,4,37.5
01RT0136,GODAKAWELA,80.65,6.5,204,5,PRECIP,1959,9,18,37.5
01RT0136,GODAKAWELA,80.65,6.5,204,5,PRECIP,1944,10,15,37.5
01RT0136,GODAKAWELA,80.65,6.5,204,5,PRECIP,1925,12,13,37.5
01RT0136,GODAKAWELA,80.65,6.5,204,5,PRECIP,1925,5,13,37.5
01RT0136,GODAKAWELA,80.65,6.5,204,5,PRECIP,1924,4,20,37.5
01RT0136,GODAKAWELA,80.65,6.5,204,5,PRECIP,1933,2,21,37.3
01RT0136,GODAKAWELA,80.65,6.5,204,5,PRECIP,1990,1,3,37.3
01RT0136,GODAKAWELA,80.65,6.5,204,5,PRECIP,1924,4,28,37.3
01RT0136,GODAKAWELA,80.65,6.5,204,5,PRECIP,1922,10,28,37.3
01RT0136,GODAKAWELA,80.65,6.5,204,5,PRECIP,1945,11,1,37.3
01RT0136,GODAKAWELA,80.65,6.5,204,5,PRECIP,1940,11,4,37.3
01RT0136,GODAKAWELA,80.65,6.5,204,5,PRECIP,1922,4,17,37.3
01RT0136,GODAKAWELA,80.65,6.5,204,5,PRECIP,1945,10,13,37.3
01RT0136,GODAKAWELA,80.65,6.5,204,5,PRECIP,1920,4,4,37.3
01RT0136,GODAKAWELA,80.65,6.5,204,5,PRECIP,1975,10,22,37.3
01RT0136,GODAKAWELA,80.65,6.5,204,5,PRECIP,1987,11,26,37.1
01RT0136,GODAKAWELA,80.65,6.5,204,5,PRECIP,1963,10,31,37.0
01RT0136,GODAKAWELA,80.65,6.5,204,5,PRECIP,1969,5,28,37.0
01RT0136,GODAKAWELA,80.65,6.5,204,5,PRECIP,1939,11,10,37.0
01RT0136,GODAKAWELA,80.65,6.5,204,5,PRECIP,1969,6,1,37.0
01RT0136,GODAKAWELA,80.65,6.5,204,5,PRECIP,1913,10,21,37.0
01RT0136,GODAKAWELA,80.65,6.5,204,5,PRECIP,1931,12,26,37.0
01RT0136,GODAKAWELA,80.65,6.5,204,5,PRECIP,1953,2,21,37.0
01RT0136,GODAKAWELA,80.65,6.5,204,5,PRECIP,1917,3,8,37.0
01RT0136,GODAKAWELA,80.65,6.5,204,5,PRECIP,1925,3,26,36.8
01RT0136,GODAKAWELA,80.65,6.5,204,5,PRECIP,1924,10,26,36.8
01RT0136,GODAKAWELA,80.65,6.5,204,5,PRECIP,1923,12,26,36.8
01RT0136,GODAKAWELA,80.65,6.5,204,5,PRECIP,1926,5,20,36.8
01RT0136,GODAKAWELA,80.65,6.5,204,5,PRECIP,1951,11,6,36.8
01RT0136,GODAKAWELA,80.65,6.5,204,5,PRECIP,1951,11,3,36.8
01RT0136,GODAKAWELA,80.65,6.5,204,5,PRECIP,1954,12,1,36.8
01RT0136,GODAKAWELA,80.65,6.5,204,5,PRECIP,1939,4,9,36.8
01RT0136,GODAKAWELA,80.65,6.5,204,5,PRECIP,1952,4,14,36.8
01RT0136,GODAKAWELA,80.65,6.5,204,5,PRECIP,1972,8,7,36.8
01RT0136,GODAKAWELA,80.65,6.5,204,5,PRECIP,1973,6,3,36.8
01RT0136,GODAKAWELA,80.65,6.5,204,5,PRECIP,1928,11,29,36.8
01RT0136,GODAKAWELA,80.65,6.5,204,5,PRECIP,1933,10,8,36.8
01RT0136,GODAKAWELA,80.65,6.5,204,5,PRECIP,1970,11,27,36.8
01RT0136,GODAKAWELA,80.65,6.5,204,5,PRECIP,1984,11,21,36.8
01RT0136,GODAKAWELA,80.65,6.5,204,5,PRECIP,1971,4,29,36.8
01RT0136,GODAKAWELA,80.65,6.5,204,5,PRECIP,1986,8,5,36.8
01RT0136,GODAKAWELA,80.65,6.5,204,5,PRECIP,1958,1,31,36.8
01RT0136,GODAKAWELA,80.65,6.5,204,5,PRECIP,1950,7,26,36.8
01RT0136,GODAKAWELA,80.65,6.5,204,5,PRECIP,1956,10,2,36.8
01RT0136,GODAKAWELA,80.65,6.5,204,5,PRECIP,1962,12,25,36.5
01RT0136,GODAKAWELA,80.65,6.5,204,5,PRECIP,1960,10,21,36.5
01RT0136,GODAKAWELA,80.65,6.5,204,5,PRECIP,1940,10,27,36.5
01RT0136,GODAKAWELA,80.65,6.5,204,5,PRECIP,1924,8,10,36.5
01RT0136,GODAKAWELA,80.65,6.5,204,5,PRECIP,1958,4,3,36.5
01RT0136,GODAKAWELA,80.65,6.5,204,5,PRECIP,1936,5,7,36.5
01RT0136,GODAKAWELA,80.65,6.5,204,5,PRECIP,1936,3,20,36.5
01RT0136,GODAKAWELA,80.65,6.5,204,5,PRECIP,1937,7,4,36.5
01RT0136,GODAKAWELA,80.65,6.5,204,5,PRECIP,1937,1,10,36.3
01RT0136,GODAKAWELA,80.65,6.5,204,5,PRECIP,1919,8,21,36.3
01RT0136,GODAKAWELA,80.65,6.5,204,5,PRECIP,1953,10,30,36.3
01RT0136,GODAKAWELA,80.65,6.5,204,5,PRECIP,1975,11,23,36.3
01RT0136,GODAKAWELA,80.65,6.5,204,5,PRECIP,1946,11,27,36.3
01RT0136,GODAKAWELA,80.65,6.5,204,5,PRECIP,1987,10,26,36.3
01RT0136,GODAKAWELA,80.65,6.5,204,5,PRECIP,1925,10,6,36.3
01RT0136,GODAKAWELA,80.65,6.5,204,5,PRECIP,1966,10,25,36.3
01RT0136,GODAKAWELA,80.65,6.5,204,5,PRECIP,1922,11,27,36.3
01RT0136,GODAKAWELA,80.65,6.5,204,5,PRECIP,1975,9,23,36.3
01RT0136,GODAKAWELA,80.65,6.5,204,5,PRECIP,1930,10,15,36.3
01RT0136,GODAKAWELA,80.65,6.5,204,5,PRECIP,1983,10,11,36.3
01RT0136,GODAKAWELA,80.65,6.5,204,5,PRECIP,1988,11,5,36.3
01RT0136,GODAKAWELA,80.65,6.5,204,5,PRECIP,1982,11,15,36.1
01RT0136,GODAKAWELA,80.65,6.5,204,5,PRECIP,1963,12,31,36.0
01RT0136,GODAKAWELA,80.65,6.5,204,5,PRECIP,1946,10,23,36.0
01RT0136,GODAKAWELA,80.65,6.5,204,5,PRECIP,1917,3,23,36.0
01RT0136,GODAKAWELA,80.65,6.5,204,5,PRECIP,1936,5,19,36.0
01RT0136,GODAKAWELA,80.65,6.5,204,5,PRECIP,1936,11,8,36.0
01RT0136,GODAKAWELA,80.65,6.5,204,5,PRECIP,1919,10,24,36.0
01RT0136,GODAKAWELA,80.65,6.5,204,5,PRECIP,1935,4,3,36.0
01RT0136,GODAKAWELA,80.65,6.5,204,5,PRECIP,1974,5,22,36.0
01RT0136,GODAKAWELA,80.65,6.5,204,5,PRECIP,1974,11,14,36.0
01RT0136,GODAKAWELA,80.65,6.5,204,5,PRECIP,1932,11,17,36.0
01RT0136,GODAKAWELA,80.65,6.5,204,5,PRECIP,1922,6,20,36.0
01RT0136,GODAKAWELA,80.65,6.5,204,5,PRECIP,1940,11,9,36.0
01RT0136,GODAKAWELA,80.65,6.5,204,5,PRECIP,1920,12,19,36.0
01RT0136,GODAKAWELA,80.65,6.5,204,5,PRECIP,1939,10,30,35.8
01RT0136,GODAKAWELA,80.65,6.5,204,5,PRECIP,1934,3,28,35.8
01RT0136,GODAKAWELA,80.65,6.5,204,5,PRECIP,1916,9,14,35.8
01RT0136,GODAKAWELA,80.65,6.5,204,5,PRECIP,1974,9,30,35.8
01RT0136,GODAKAWELA,80.65,6.5,204,5,PRECIP,1977,10,22,35.8
01RT0136,GODAKAWELA,80.65,6.5,204,5,PRECIP,1951,9,21,35.8
01RT0136,GODAKAWELA,80.65,6.5,204,5,PRECIP,1979,6,27,35.6
01RT0136,GODAKAWELA,80.65,6.5,204,5,PRECIP,1986,10,14,35.6
01RT0136,GODAKAWELA,80.65,6.5,204,5,PRECIP,1991,5,13,35.6
01RT0136,GODAKAWELA,80.65,6.5,204,5,PRECIP,1977,11,9,35.6
01RT0136,GODAKAWELA,80.65,6.5,204,5,PRECIP,1978,10,30,35.6
01RT0136,GODAKAWELA,80.65,6.5,204,5,PRECIP,1977,10,21,35.6
01RT0136,GODAKAWELA,80.65,6.5,204,5,PRECIP,1984,1,22,35.6
01RT0136,GODAKAWELA,80.65,6.5,204,5,PRECIP,1937,11,26,35.5
01RT0136,GODAKAWELA,80.65,6.5,204,5,PRECIP,1955,9,18,35.5
01RT0136,GODAKAWELA,80.65,6.5,204,5,PRECIP,1954,12,7,35.5
01RT0136,GODAKAWELA,80.65,6.5,204,5,PRECIP,1944,5,12,35.5
01RT0136,GODAKAWELA,80.65,6.5,204,5,PRECIP,1942,10,4,35.5
01RT0136,GODAKAWELA,80.65,6.5,204,5,PRECIP,1915,2,27,35.5
01RT0136,GODAKAWELA,80.65,6.5,204,5,PRECIP,1922,5,31,35.5
01RT0136,GODAKAWELA,80.65,6.5,204,5,PRECIP,1915,4,14,35.5
01RT0136,GODAKAWELA,80.65,6.5,204,5,PRECIP,1916,3,20,35.5
01RT0136,GODAKAWELA,80.65,6.5,204,5,PRECIP,1962,3,23,35.5
01RT0136,GODAKAWELA,80.65,6.5,204,5,PRECIP,1916,3,8,35.5
01RT0136,GODAKAWELA,80.65,6.5,204,5,PRECIP,1961,10,22,35.5
01RT0136,GODAKAWELA,80.65,6.5,204,5,PRECIP,1972,9,21,35.5
01RT0136,GODAKAWELA,80.65,6.5,204,5,PRECIP,1931,4,17,35.5
01RT0136,GODAKAWELA,80.65,6.5,204,5,PRECIP,1971,11,27,35.5
01RT0136,GODAKAWELA,80.65,6.5,204,5,PRECIP,1947,6,1,35.5
01RT0136,GODAKAWELA,80.65,6.5,204,5,PRECIP,1947,12,8,35.5
01RT0136,GODAKAWELA,80.65,6.5,204,5,PRECIP,1956,11,20,35.5
01RT0136,GODAKAWELA,80.65,6.5,204,5,PRECIP,1956,3,7,35.5
01RT0136,GODAKAWELA,80.65,6.5,204,5,PRECIP,1928,8,12,35.5
01RT0136,GODAKAWELA,80.65,6.5,204,5,PRECIP,1951,2,19,35.5
01RT0136,GODAKAWELA,80.65,6.5,204,5,PRECIP,1931,8,14,35.5
01RT0136,GODAKAWELA,80.65,6.5,204,5,PRECIP,1973,11,27,35.5
01RT0136,GODAKAWELA,80.65,6.5,204,5,PRECIP,1963,11,14,35.3
01RT0136,GODAKAWELA,80.65,6.5,204,5,PRECIP,1971,11,16,35.3
01RT0136,GODAKAWELA,80.65,6.5,204,5,PRECIP,1990,5,15,35.3
01RT0136,GODAKAWELA,80.65,6.5,204,5,PRECIP,1960,4,19,35.3
01RT0136,GODAKAWELA,80.65,6.5,204,5,PRECIP,1961,2,3,35.3
01RT0136,GODAKAWELA,80.65,6.5,204,5,PRECIP,1963,11,1,35.3
01RT0136,GODAKAWELA,80.65,6.5,204,5,PRECIP,1965,5,24,35.3
01RT0136,GODAKAWELA,80.65,6.5,204,5,PRECIP,1978,10,26,35.1
01RT0136,GODAKAWELA,80.65,6.5,204,5,PRECIP,1992,5,18,35.0
01RT0136,GODAKAWELA,80.65,6.5,204,5,PRECIP,1993,4,14,35.0
01RT0136,GODAKAWELA,80.65,6.5,204,5,PRECIP,1951,9,28,35.0
01RT0136,GODAKAWELA,80.65,6.5,204,5,PRECIP,1990,10,16,35.0
01RT0136,GODAKAWELA,80.65,6.5,204,5,PRECIP,1955,1,6,35.0
01RT0136,GODAKAWELA,80.65,6.5,204,5,PRECIP,1942,4,23,35.0
01RT0136,GODAKAWELA,80.65,6.5,204,5,PRECIP,1926,4,27,35.0
01RT0136,GODAKAWELA,80.65,6.5,204,5,PRECIP,1961,4,4,35.0
01RT0136,GODAKAWELA,80.65,6.5,204,5,PRECIP,1968,5,3,35.0
01RT0136,GODAKAWELA,80.65,6.5,204,5,PRECIP,1925,4,21,35.0
01RT0136,GODAKAWELA,80.65,6.5,204,5,PRECIP,1962,11,9,35.0
01RT0136,GODAKAWELA,80.65,6.5,204,5,PRECIP,1941,5,11,35.0
01RT0136,GODAKAWELA,80.65,6.5,204,5,PRECIP,1941,3,28,35.0
01RT0136,GODAKAWELA,80.65,6.5,204,5,PRECIP,1946,7,11,35.0
01RT0136,GODAKAWELA,80.65,6.5,204,5,PRECIP,1930,9,10,34.8
01RT0136,GODAKAWELA,80.65,6.5,204,5,PRECIP,1946,12,14,34.8
01RT0136,GODAKAWELA,80.65,6.5,204,5,PRECIP,1969,3,22,34.8
01RT0136,GODAKAWELA,80.65,6.5,204,5,PRECIP,1942,3,15,34.8
01RT0136,GODAKAWELA,80.65,6.5,204,5,PRECIP,1940,10,7,34.8
01RT0136,GODAKAWELA,80.65,6.5,204,5,PRECIP,1982,10,23,34.8
01RT0136,GODAKAWELA,80.65,6.5,204,5,PRECIP,1976,12,4,34.8
01RT0136,GODAKAWELA,80.65,6.5,204,5,PRECIP,1974,8,16,34.8
01RT0136,GODAKAWELA,80.65,6.5,204,5,PRECIP,1968,7,17,34.5
01RT0136,GODAKAWELA,80.65,6.5,204,5,PRECIP,1967,6,24,34.5
01RT0136,GODAKAWELA,80.65,6.5,204,5,PRECIP,1978,3,5,34.5
01RT0136,GODAKAWELA,80.65,6.5,204,5,PRECIP,1991,5,21,34.5
01RT0136,GODAKAWELA,80.65,6.5,204,5,PRECIP,1992,10,3,34.5
01RT0136,GODAKAWELA,80.65,6.5,204,5,PRECIP,1976,5,20,34.5
01RT0136,GODAKAWELA,80.65,6.5,204,5,PRECIP,1965,10,14,34.5
01RT0136,GODAKAWELA,80.65,6.5,204,5,PRECIP,1937,10,25,34.5
01RT0136,GODAKAWELA,80.65,6.5,204,5,PRECIP,1931,10,20,34.5
01RT0136,GODAKAWELA,80.65,6.5,204,5,PRECIP,1951,11,7,34.5
01RT0136,GODAKAWELA,80.65,6.5,204,5,PRECIP,1977,6,13,34.5
01RT0136,GODAKAWELA,80.65,6.5,204,5,PRECIP,1971,11,28,34.5
01RT0136,GODAKAWELA,80.65,6.5,204,5,PRECIP,1959,4,16,34.5
01RT0136,GODAKAWELA,80.65,6.5,204,5,PRECIP,1916,10,20,34.5
01RT0136,GODAKAWELA,80.65,6.5,204,5,PRECIP,1914,3,24,34.5
01RT0136,GODAKAWELA,80.65,6.5,204,5,PRECIP,1989,4,13,34.5
01RT0136,GODAKAWELA,80.65,6.5,204,5,PRECIP,1970,10,31,34.5
01RT0136,GODAKAWELA,80.65,6.5,204,5,PRECIP,1968,10,17,34.5
01RT0136,GODAKAWELA,80.65,6.5,204,5,PRECIP,1924,4,19,34.5
01RT0136,GODAKAWELA,80.65,6.5,204,5,PRECIP,1978,5,4,34.3
01RT0136,GODAKAWELA,80.65,6.5,204,5,PRECIP,1991,4,15,34.3
01RT0136,GODAKAWELA,80.65,6.5,204,5,PRECIP,1923,6,20,34.2
01RT0136,GODAKAWELA,80.65,6.5,204,5,PRECIP,1924,3,24,34.2
01RT0136,GODAKAWELA,80.65,6.5,204,5,PRECIP,1943,4,4,34.2
01RT0136,GODAKAWELA,80.65,6.5,204,5,PRECIP,1954,10,19,34.2
01RT0136,GODAKAWELA,80.65,6.5,204,5,PRECIP,1954,10,21,34.2
01RT0136,GODAKAWELA,80.65,6.5,204,5,PRECIP,1976,12,22,34.2
01RT0136,GODAKAWELA,80.65,6.5,204,5,PRECIP,1976,4,19,34.2
01RT0136,GODAKAWELA,80.65,6.5,204,5,PRECIP,1927,3,10,34.2
01RT0136,GODAKAWELA,80.65,6.5,204,5,PRECIP,1944,3,31,34.2
01RT0136,GODAKAWELA,80.65,6.5,204,5,PRECIP,1971,5,27,34.2
01RT0136,GODAKAWELA,80.65,6.5,204,5,PRECIP,1917,12,23,34.2
01RT0136,GODAKAWELA,80.65,6.5,204,5,PRECIP,1928,10,4,34.2
01RT0136,GODAKAWELA,80.65,6.5,204,5,PRECIP,1928,10,10,34.2
01RT0136,GODAKAWELA,80.65,6.5,204,5,PRECIP,1948,11,23,34.2
01RT0136,GODAKAWELA,80.65,6.5,204,5,PRECIP,1929,4,2,34.2
01RT0136,GODAKAWELA,80.65,6.5,204,5,PRECIP,1919,10,15,34.2
01RT0136,GODAKAWELA,80.65,6.5,204,5,PRECIP,1952,10,3,34.2
01RT0136,GODAKAWELA,80.65,6.5,204,5,PRECIP,1955,1,20,34.2
01RT0136,GODAKAWELA,80.65,6.5,204,5,PRECIP,1952,5,19,34.0
01RT0136,GODAKAWELA,80.65,6.5,204,5,PRECIP,1961,12,29,34.0
01RT0136,GODAKAWELA,80.65,6.5,204,5,PRECIP,1990,12,25,34.0
01RT0136,GODAKAWELA,80.65,6.5,204,5,PRECIP,1939,10,31,34.0
01RT0136,GODAKAWELA,80.65,6.5,204,5,PRECIP,1966,10,29,34.0
01RT0136,GODAKAWELA,80.65,6.5,204,5,PRECIP,1940,4,23,34.0
01RT0136,GODAKAWELA,80.65,6.5,204,5,PRECIP,1978,1,26,34.0
01RT0136,GODAKAWELA,80.65,6.5,204,5,PRECIP,1992,12,13,34.0
01RT0136,GODAKAWELA,80.65,6.5,204,5,PRECIP,1958,10,29,34.0
01RT0136,GODAKAWELA,80.65,6.5,204,5,PRECIP,1957,11,29,34.0
01RT0136,GODAKAWELA,80.65,6.5,204,5,PRECIP,1947,8,15,34.0
01RT0136,GODAKAWELA,80.65,6.5,204,5,PRECIP,1917,6,18,34.0
01RT0136,GODAKAWELA,80.65,6.5,204,5,PRECIP,1991,4,1,33.8
01RT0136,GODAKAWELA,80.65,6.5,204,5,PRECIP,1992,4,30,33.8
01RT0136,GODAKAWELA,80.65,6.5,204,5,PRECIP,1933,7,27,33.7
01RT0136,GODAKAWELA,80.65,6.5,204,5,PRECIP,1932,10,6,33.7
01RT0136,GODAKAWELA,80.65,6.5,204,5,PRECIP,1942,10,7,33.7
01RT0136,GODAKAWELA,80.65,6.5,204,5,PRECIP,1959,10,20,33.7
01RT0136,GODAKAWELA,80.65,6.5,204,5,PRECIP,1939,10,27,33.7
01RT0136,GODAKAWELA,80.65,6.5,204,5,PRECIP,1951,11,5,33.7
01RT0136,GODAKAWELA,80.65,6.5,204,5,PRECIP,1954,11,29,33.7
01RT0136,GODAKAWELA,80.65,6.5,204,5,PRECIP,1975,11,25,33.7
01RT0136,GODAKAWELA,80.65,6.5,204,5,PRECIP,1946,4,26,33.7
01RT0136,GODAKAWELA,80.65,6.5,204,5,PRECIP,1918,9,22,33.7
01RT0136,GODAKAWELA,80.65,6.5,204,5,PRECIP,1959,7,16,33.7
01RT0136,GODAKAWELA,80.65,6.5,204,5,PRECIP,1975,10,25,33.7
01RT0136,GODAKAWELA,80.65,6.5,204,5,PRECIP,1964,3,20,33.7
01RT0136,GODAKAWELA,80.65,6.5,204,5,PRECIP,1967,2,18,33.7
01RT0136,GODAKAWELA,80.65,6.5,204,5,PRECIP,1914,3,17,33.7
01RT0136,GODAKAWELA,80.65,6.5,204,5,PRECIP,1933,11,14,33.5
01RT0136,GODAKAWELA,80.65,6.5,204,5,PRECIP,1917,9,23,33.5
01RT0136,GODAKAWELA,80.65,6.5,204,5,PRECIP,1971,1,7,33.5
01RT0136,GODAKAWELA,80.65,6.5,204,5,PRECIP,1963,2,6,33.5
01RT0136,GODAKAWELA,80.65,6.5,204,5,PRECIP,1919,11,25,33.5
01RT0136,GODAKAWELA,80.65,6.5,204,5,PRECIP,1953,4,12,33.5
01RT0136,GODAKAWELA,80.65,6.5,204,5,PRECIP,1935,2,18,33.5
01RT0136,GODAKAWELA,80.65,6.5,204,5,PRECIP,1944,1,13,33.5
01RT0136,GODAKAWELA,80.65,6.5,204,5,PRECIP,1971,4,23,33.5
01RT0136,GODAKAWELA,80.65,6.5,204,5,PRECIP,1948,4,3,33.5
01RT0136,GODAKAWELA,80.65,6.5,204,5,PRECIP,1982,4,20,33.5
01RT0136,GODAKAWELA,80.65,6.5,204,5,PRECIP,1959,6,17,33.5
01RT0136,GODAKAWELA,80.65,6.5,204,5,PRECIP,1993,4,16,33.5
01RT0136,GODAKAWELA,80.65,6.5,204,5,PRECIP,1927,9,20,33.5
01RT0136,GODAKAWELA,80.65,6.5,204,5,PRECIP,1917,3,20,33.2
01RT0136,GODAKAWELA,80.65,6.5,204,5,PRECIP,1943,11,25,33.2
01RT0136,GODAKAWELA,80.65,6.5,204,5,PRECIP,1942,11,22,33.2
01RT0136,GODAKAWELA,80.65,6.5,204,5,PRECIP,1928,11,4,33.2
01RT0136,GODAKAWELA,80.65,6.5,204,5,PRECIP,1931,4,30,33.2
01RT0136,GODAKAWELA,80.65,6.5,204,5,PRECIP,1946,4,16,33.2
01RT0136,GODAKAWELA,80.65,6.5,204,5,PRECIP,1965,9,16,33.0
01RT0136,GODAKAWELA,80.65,6.5,204,5,PRECIP,1991,5,30,33.0
01RT0136,GODAKAWELA,80.65,6.5,204,5,PRECIP,1976,10,10,33.0
01RT0136,GODAKAWELA,80.65,6.5,204,5,PRECIP,1990,11,9,33.0
01RT0136,GODAKAWELA,80.65,6.5,204,5,PRECIP,1993,11,19,33.0
01RT0136,GODAKAWELA,80.65,6.5,204,5,PRECIP,1938,6,8,33.0
01RT0136,GODAKAWELA,80.65,6.5,204,5,PRECIP,1919,11,24,33.0
01RT0136,GODAKAWELA,80.65,6.5,204,5,PRECIP,1954,12,29,33.0
01RT0136,GODAKAWELA,80.65,6.5,204,5,PRECIP,1936,3,28,33.0
01RT0136,GODAKAWELA,80.65,6.5,204,5,PRECIP,1919,4,23,33.0
01RT0136,GODAKAWELA,80.65,6.5,204,5,PRECIP,1938,3,23,33.0
01RT0136,GODAKAWELA,80.65,6.5,204,5,PRECIP,1922,9,15,33.0
01RT0136,GODAKAWELA,80.65,6.5,204,5,PRECIP,1978,11,11,33.0
01RT0136,GODAKAWELA,80.65,6.5,204,5,PRECIP,1979,6,14,33.0
01RT0136,GODAKAWELA,80.65,6.5,204,5,PRECIP,1978,4,4,33.0
01RT0136,GODAKAWELA,80.65,6.5,204,5,PRECIP,1977,10,13,33.0
01RT0136,GODAKAWELA,80.65,6.5,204,5,PRECIP,1982,9,19,33.0
01RT0136,GODAKAWELA,80.65,6.5,204,5,PRECIP,1982,11,30,33.0
01RT0136,GODAKAWELA,80.65,6.5,204,5,PRECIP,1983,7,9,33.0
01RT0136,GODAKAWELA,80.65,6.5,204,5,PRECIP,1983,9,1,33.0
01RT0136,GODAKAWELA,80.65,6.5,204,5,PRECIP,1948,12,5,33.0
01RT0136,GODAKAWELA,80.65,6.5,204,5,PRECIP,1950,4,6,33.0
01RT0136,GODAKAWELA,80.65,6.5,204,5,PRECIP,1976,4,10,33.0
01RT0136,GODAKAWELA,80.65,6.5,204,5,PRECIP,1951,10,26,33.0
01RT0136,GODAKAWELA,80.65,6.5,204,5,PRECIP,1930,9,1,33.0
01RT0136,GODAKAWELA,80.65,6.5,204,5,PRECIP,1982,7,18,33.0
01RT0136,GODAKAWELA,80.65,6.5,204,5,PRECIP,1982,5,29,33.0
01RT0136,GODAKAWELA,80.65,6.5,204,5,PRECIP,1978,10,29,33.0
01RT0136,GODAKAWELA,80.65,6.5,204,5,PRECIP,1973,12,14,33.0
01RT0136,GODAKAWELA,80.65,6.5,204,5,PRECIP,1915,3,26,33.0
01RT0136,GODAKAWELA,80.65,6.5,204,5,PRECIP,1915,4,15,33.0
01RT0136,GODAKAWELA,80.65,6.5,204,5,PRECIP,1941,11,2,33.0
01RT0136,GODAKAWELA,80.65,6.5,204,5,PRECIP,1917,6,1,33.0
01RT0136,GODAKAWELA,80.65,6.5,204,5,PRECIP,1922,10,13,33.0
01RT0136,GODAKAWELA,80.65,6.5,204,5,PRECIP,1923,8,6,33.0
01RT0136,GODAKAWELA,80.65,6.5,204,5,PRECIP,1923,9,9,33.0
01RT0136,GODAKAWELA,80.65,6.5,204,5,PRECIP,1988,4,12,33.0
01RT0136,GODAKAWELA,80.65,6.5,204,5,PRECIP,1990,12,4,33.0
01RT0136,GODAKAWELA,80.65,6.5,204,5,PRECIP,1934,6,11,33.0
01RT0136,GODAKAWELA,80.65,6.5,204,5,PRECIP,1970,6,4,33.0
01RT0136,GODAKAWELA,80.65,6.5,204,5,PRECIP,1985,12,7,33.0
01RT0136,GODAKAWELA,80.65,6.5,204,5,PRECIP,1985,10,31,33.0
01RT0136,GODAKAWELA,80.65,6.5,204,5,PRECIP,1971,3,25,33.0
01RT0136,GODAKAWELA,80.65,6.5,204,5,PRECIP,1931,6,21,33.0
01RT0136,GODAKAWELA,80.65,6.5,204,5,PRECIP,1971,11,4,33.0
01RT0136,GODAKAWELA,80.65,6.5,204,5,PRECIP,1956,3,10,33.0
01RT0136,GODAKAWELA,80.65,6.5,204,5,PRECIP,1947,10,22,33.0
01RT0136,GODAKAWELA,80.65,6.5,204,5,PRECIP,1991,9,30,32.8
01RT0136,GODAKAWELA,80.65,6.5,204,5,PRECIP,1989,3,12,32.8
01RT0136,GODAKAWELA,80.65,6.5,204,5,PRECIP,1917,4,23,32.7
01RT0136,GODAKAWELA,80.65,6.5,204,5,PRECIP,1973,11,3,32.7
01RT0136,GODAKAWELA,80.65,6.5,204,5,PRECIP,1924,3,22,32.7
01RT0136,GODAKAWELA,80.65,6.5,204,5,PRECIP,1964,11,6,32.7
01RT0136,GODAKAWELA,80.65,6.5,204,5,PRECIP,1951,1,17,32.7
01RT0136,GODAKAWELA,80.65,6.5,204,5,PRECIP,1917,8,6,32.5
01RT0136,GODAKAWELA,80.65,6.5,204,5,PRECIP,1960,1,3,32.5
01RT0136,GODAKAWELA,80.65,6.5,204,5,PRECIP,1956,11,18,32.5
01RT0136,GODAKAWELA,80.65,6.5,204,5,PRECIP,1947,10,23,32.5
01RT0136,GODAKAWELA,80.65,6.5,204,5,PRECIP,1973,3,27,32.5
01RT0136,GODAKAWELA,80.65,6.5,204,5,PRECIP,1957,7,4,32.5
01RT0136,GODAKAWELA,80.65,6.5,204,5,PRECIP,1971,4,15,32.5
01RT0136,GODAKAWELA,80.65,6.5,204,5,PRECIP,1931,4,6,32.5
01RT0136,GODAKAWELA,80.65,6.5,204,5,PRECIP,1981,11,16,32.5
01RT0136,GODAKAWELA,80.65,6.5,204,5,PRECIP,1951,6,18,32.5
01RT0136,GODAKAWELA,80.65,6.5,204,5,PRECIP,1920,4,7,32.5
01RT0136,GODAKAWELA,80.65,6.5,204,5,PRECIP,1927,11,13,32.5
01RT0136,GODAKAWELA,80.65,6.5,204,5,PRECIP,1978,9,30,32.5
01RT0136,GODAKAWELA,80.65,6.5,204,5,PRECIP,1951,10,30,32.5
01RT0136,GODAKAWELA,80.65,6.5,204,5,PRECIP,1981,11,3,32.5
01RT0136,GODAKAWELA,80.65,6.5,204,5,PRECIP,1936,5,23,32.5
01RT0136,GODAKAWELA,80.65,6.5,204,5,PRECIP,1936,4,20,32.5
01RT0136,GODAKAWELA,80.65,6.5,204,5,PRECIP,1952,3,16,32.5
01RT0136,GODAKAWELA,80.65,6.5,204,5,PRECIP,1950,2,26,32.5
01RT0136,GODAKAWELA,80.65,6.5,204,5,PRECIP,1939,10,15,32.5
01RT0136,GODAKAWELA,80.65,6.5,204,5,PRECIP,1991,1,2,32.3
01RT0136,GODAKAWELA,80.65,6.5,204,5,PRECIP,1987,12,22,32.3
01RT0136,GODAKAWELA,80.65,6.5,204,5,PRECIP,1932,4,2,32.2
01RT0136,GODAKAWELA,80.65,6.5,204,5,PRECIP,1921,11,13,32.2
01RT0136,GODAKAWELA,80.65,6.5,204,5,PRECIP,1942,11,4,32.2
01RT0136,GODAKAWELA,80.65,6.5,204,5,PRECIP,1957,11,16,32.2
01RT0136,GODAKAWELA,80.65,6.5,204,5,PRECIP,1922,8,18,32.2
01RT0136,GODAKAWELA,80.65,6.5,204,5,PRECIP,1971,1,10,32.2
01RT0136,GODAKAWELA,80.65,6.5,204,5,PRECIP,1932,8,25,32.2
01RT0136,GODAKAWELA,80.65,6.5,204,5,PRECIP,1939,11,15,32.2
01RT0136,GODAKAWELA,80.65,6.5,204,5,PRECIP,1963,2,21,32.2
01RT0136,GODAKAWELA,80.65,6.5,204,5,PRECIP,1922,11,29,32.2
01RT0136,GODAKAWELA,80.65,6.5,204,5,PRECIP,1924,10,1,32.2
01RT0136,GODAKAWELA,80.65,6.5,204,5,PRECIP,1971,11,22,32.2
01RT0136,GODAKAWELA,80.65,6.5,204,5,PRECIP,1949,11,21,32.2
01RT0136,GODAKAWELA,80.65,6.5,204,5,PRECIP,1975,5,5,32.2
01RT0136,GODAKAWELA,80.65,6.5,204,5,PRECIP,1976,4,12,32.2
01RT0136,GODAKAWELA,80.65,6.5,204,5,PRECIP,1935,1,1,32.2
01RT0136,GODAKAWELA,80.65,6.5,204,5,PRECIP,1965,3,13,32.2
01RT0136,GODAKAWELA,80.65,6.5,204,5,PRECIP,1974,8,18,32.0
01RT0136,GODAKAWELA,80.65,6.5,204,5,PRECIP,1914,10,15,32.0
01RT0136,GODAKAWELA,80.65,6.5,204,5,PRECIP,1919,10,3,32.0
01RT0136,GODAKAWELA,80.65,6.5,204,5,PRECIP,1916,11,9,32.0
01RT0136,GODAKAWELA,80.65,6.5,204,5,PRECIP,1940,10,26,32.0
01RT0136,GODAKAWELA,80.65,6.5,204,5,PRECIP,1944,10,14,32.0
01RT0136,GODAKAWELA,80.65,6.5,204,5,PRECIP,1925,10,20,32.0
01RT0136,GODAKAWELA,80.65,6.5,204,5,PRECIP,1957,11,8,32.0
01RT0136,GODAKAWELA,80.65,6.5,204,5,PRECIP,1918,11,12,32.0
01RT0136,GODAKAWELA,80.65,6.5,204,5,PRECIP,1993,5,29,31.8
01RT0136,GODAKAWELA,80.65,6.5,204,5,PRECIP,1995,4,14,31.8
01RT0136,GODAKAWELA,80.65,6.5,204,5,PRECIP,1984,11,9,31.8
01RT0136,GODAKAWELA,80.65,6.5,204,5,PRECIP,1984,3,28,31.8
01RT0136,GODAKAWELA,80.65,6.5,204,5,PRECIP,1984,1,17,31.8
01RT0136,GODAKAWELA,80.65,6.5,204,5,PRECIP,1985,10,5,31.8
01RT0136,GODAKAWELA,80.65,6.5,204,5,PRECIP,1982,6,21,31.8
01RT0136,GODAKAWELA,80.65,6.5,204,5,PRECIP,1948,12,12,31.7
01RT0136,GODAKAWELA,80.65,6.5,204,5,PRECIP,1979,6,25,31.7
01RT0136,GODAKAWELA,80.65,6.5,204,5,PRECIP,1934,10,28,31.7
01RT0136,GODAKAWELA,80.65,6.5,204,5,PRECIP,1968,9,12,31.7
01RT0136,GODAKAWELA,80.65,6.5,204,5,PRECIP,1966,4,17,31.7
01RT0136,GODAKAWELA,80.65,6.5,204,5,PRECIP,1923,10,28,31.7
01RT0136,GODAKAWELA,80.65,6.5,204,5,PRECIP,1962,10,10,31.7
01RT0136,GODAKAWELA,80.65,6.5,204,5,PRECIP,1984,4,2,31.7
01RT0136,GODAKAWELA,80.65,6.5,204,5,PRECIP,1959,7,19,31.7
01RT0136,GODAKAWELA,80.65,6.5,204,5,PRECIP,1947,10,21,31.7
01RT0136,GODAKAWELA,80.65,6.5,204,5,PRECIP,1940,12,6,31.7
01RT0136,GODAKAWELA,80.65,6.5,204,5,PRECIP,1921,5,15,31.7
01RT0136,GODAKAWELA,80.65,6.5,204,5,PRECIP,1922,11,28,31.7
01RT0136,GODAKAWELA,80.65,6.5,204,5,PRECIP,1924,3,30,31.7
01RT0136,GODAKAWELA,80.65,6.5,204,5,PRECIP,1917,12,8,31.7
01RT0136,GODAKAWELA,80.65,6.5,204,5,PRECIP,1915,3,21,31.7
01RT0136,GODAKAWELA,80.65,6.5,204,5,PRECIP,1924,12,2,31.7
01RT0136,GODAKAWELA,80.65,6.5,204,5,PRECIP,1926,11,16,31.7
01RT0136,GODAKAWELA,80.65,6.5,204,5,PRECIP,1925,10,22,31.7
01RT0136,GODAKAWELA,80.65,6.5,204,5,PRECIP,1919,4,3,31.7
01RT0136,GODAKAWELA,80.65,6.5,204,5,PRECIP,1926,5,8,31.7
01RT0136,GODAKAWELA,80.65,6.5,204,5,PRECIP,1971,2,25,31.7
01RT0136,GODAKAWELA,80.65,6.5,204,5,PRECIP,1971,6,27,31.7
01RT0136,GODAKAWELA,80.65,6.5,204,5,PRECIP,1928,12,8,31.7
01RT0136,GODAKAWELA,80.65,6.5,204,5,PRECIP,1927,11,25,31.7
01RT0136,GODAKAWELA,80.65,6.5,204,5,PRECIP,1928,11,17,31.7
01RT0136,GODAKAWELA,80.65,6.5,204,5,PRECIP,1955,4,22,31.7
01RT0136,GODAKAWELA,80.65,6.5,204,5,PRECIP,1973,8,4,31.7
01RT0136,GODAKAWELA,80.65,6.5,204,5,PRECIP,1925,10,4,31.7
01RT0136,GODAKAWELA,80.65,6.5,204,5,PRECIP,1930,9,3,31.5
01RT0136,GODAKAWELA,80.65,6.5,204,5,PRECIP,1950,5,27,31.5
01RT0136,GODAKAWELA,80.65,6.5,204,5,PRECIP,1917,4,3,31.5
01RT0136,GODAKAWELA,80.65,6.5,204,5,PRECIP,1931,8,27,31.5
01RT0136,GODAKAWELA,80.65,6.5,204,5,PRECIP,1924,5,16,31.5
01RT0136,GODAKAWELA,80.65,6.5,204,5,PRECIP,1961,11,6,31.5
01RT0136,GODAKAWELA,80.65,6.5,204,5,PRECIP,1976,3,25,31.5
01RT0136,GODAKAWELA,80.65,6.5,204,5,PRECIP,1935,11,9,31.5
01RT0136,GODAKAWELA,80.65,6.5,204,5,PRECIP,1935,11,12,31.5
01RT0136,GODAKAWELA,80.65,6.5,204,5,PRECIP,1971,3,6,31.2
01RT0136,GODAKAWELA,80.65,6.5,204,5,PRECIP,1917,6,2,31.2
01RT0136,GODAKAWELA,80.65,6.5,204,5,PRECIP,1968,3,22,31.2
01RT0136,GODAKAWELA,80.65,6.5,204,5,PRECIP,1917,7,3,31.2
01RT0136,GODAKAWELA,80.65,6.5,204,5,PRECIP,1973,10,19,31.2
01RT0136,GODAKAWELA,80.65,6.5,204,5,PRECIP,1976,12,3,31.2
01RT0136,GODAKAWELA,80.65,6.5,204,5,PRECIP,1991,1,17,31.2
01RT0136,GODAKAWELA,80.65,6.5,204,5,PRECIP,1927,10,19,31.2
01RT0136,GODAKAWELA,80.65,6.5,204,5,PRECIP,1929,9,24,31.2
01RT0136,GODAKAWELA,80.65,6.5,204,5,PRECIP,1993,3,24,31.2
01RT0136,GODAKAWELA,80.65,6.5,204,5,PRECIP,1993,10,31,31.0
01RT0136,GODAKAWELA,80.65,6.5,204,5,PRECIP,1991,10,30,31.0
01RT0136,GODAKAWELA,80.65,6.5,204,5,PRECIP,1983,4,16,31.0
01RT0136,GODAKAWELA,80.65,6.5,204,5,PRECIP,1983,4,25,31.0
01RT0136,GODAKAWELA,80.65,6.5,204,5,PRECIP,1996,3,18,31.0
01RT0136,GODAKAWELA,80.65,6.5,204,5,PRECIP,1960,11,6,30.9
01RT0136,GODAKAWELA,80.65,6.5,204,5,PRECIP,1924,10,30,30.9
01RT0136,GODAKAWELA,80.65,6.5,204,5,PRECIP,1920,3,17,30.9
01RT0136,GODAKAWELA,80.65,6.5,204,5,PRECIP,1951,9,27,30.9
01RT0136,GODAKAWELA,80.65,6.5,204,5,PRECIP,1941,11,18,30.9
01RT0136,GODAKAWELA,80.65,6.5,204,5,PRECIP,1954,4,7,30.9
01RT0136,GODAKAWELA,80.65,6.5,204,5,PRECIP,1917,12,12,30.9
01RT0136,GODAKAWELA,80.65,6.5,204,5,PRECIP,1964,7,3,30.9
01RT0136,GODAKAWELA,80.65,6.5,204,5,PRECIP,1914,5,6,30.9
01RT0136,GODAKAWELA,80.65,6.5,204,5,PRECIP,1927,3,17,30.9
01RT0136,GODAKAWELA,80.65,6.5,204,5,PRECIP,1942,10,24,30.9
01RT0136,GODAKAWELA,80.65,6.5,204,5,PRECIP,1959,11,21,30.9
01RT0136,GODAKAWELA,80.65,6.5,204,5,PRECIP,1944,10,16,30.9
01RT0136,GODAKAWELA,80.65,6.5,204,5,PRECIP,1944,10,20,30.9
01RT0136,GODAKAWELA,80.65,6.5,204,5,PRECIP,1920,10,19,30.7
01RT0136,GODAKAWELA,80.65,6.5,204,5,PRECIP,1965,11,12,30.7
01RT0136,GODAKAWELA,80.65,6.5,204,5,PRECIP,1990,3,13,30.7
01RT0136,GODAKAWELA,80.65,6.5,204,5,PRECIP,1925,11,12,30.7
01RT0136,GODAKAWELA,80.65,6.5,204,5,PRECIP,1964,4,3,30.7
01RT0136,GODAKAWELA,80.65,6.5,204,5,PRECIP,1944,2,17,30.7
01RT0136,GODAKAWELA,80.65,6.5,204,5,PRECIP,1923,5,24,30.7
01RT0136,GODAKAWELA,80.65,6.5,204,5,PRECIP,1975,4,1,30.7
01RT0136,GODAKAWELA,80.65,6.5,204,5,PRECIP,1953,3,21,30.7
01RT0136,GODAKAWELA,80.65,6.5,204,5,PRECIP,1991,4,8,30.7
01RT0136,GODAKAWELA,80.65,6.5,204,5,PRECIP,1975,10,23,30.7
01RT0136,GODAKAWELA,80.65,6.5,204,5,PRECIP,1982,10,17,30.5
01RT0136,GODAKAWELA,80.65,6.5,204,5,PRECIP,1985,5,19,30.5
01RT0136,GODAKAWELA,80.65,6.5,204,5,PRECIP,1988,11,17,30.5
01RT0136,GODAKAWELA,80.65,6.5,204,5,PRECIP,1987,10,6,30.5
01RT0136,GODAKAWELA,80.65,6.5,204,5,PRECIP,1988,2,29,30.5
01RT0136,GODAKAWELA,80.65,6.5,204,5,PRECIP,1990,5,18,30.5
01RT0136,GODAKAWELA,80.65,6.5,204,5,PRECIP,1977,5,8,30.5
01RT0136,GODAKAWELA,80.65,6.5,204,5,PRECIP,1978,10,27,30.5
01RT0136,GODAKAWELA,80.65,6.5,204,5,PRECIP,1978,4,24,30.5
01RT0136,GODAKAWELA,80.65,6.5,204,5,PRECIP,1979,9,25,30.5
01RT0136,GODAKAWELA,80.65,6.5,204,5,PRECIP,1978,5,14,30.5
01RT0136,GODAKAWELA,80.65,6.5,204,5,PRECIP,1993,3,12,30.5
01RT0136,GODAKAWELA,80.65,6.5,204,5,PRECIP,1991,4,16,30.5
01RT0136,GODAKAWELA,80.65,6.5,204,5,PRECIP,1982,11,6,30.5
01RT0136,GODAKAWELA,80.65,6.5,204,5,PRECIP,1977,5,12,30.5
01RT0136,GODAKAWELA,80.65,6.5,204,5,PRECIP,1965,8,15,30.4
01RT0136,GODAKAWELA,80.65,6.5,204,5,PRECIP,1915,6,21,30.4
01RT0136,GODAKAWELA,80.65,6.5,204,5,PRECIP,1938,11,2,30.4
01RT0136,GODAKAWELA,80.65,6.5,204,5,PRECIP,1938,4,17,30.4
01RT0136,GODAKAWELA,80.65,6.5,204,5,PRECIP,1966,3,7,30.4
01RT0136,GODAKAWELA,80.65,6.5,204,5,PRECIP,1935,12,10,30.4
01RT0136,GODAKAWELA,80.65,6.5,204,5,PRECIP,1951,5,24,30.4
01RT0136,GODAKAWELA,80.65,6.5,204,5,PRECIP,1928,5,3,30.4
01RT0136,GODAKAWELA,80.65,6.5,204,5,PRECIP,1956,4,30,30.4
01RT0136,GODAKAWELA,80.65,6.5,204,5,PRECIP,1927,9,26,30.4
01RT0136,GODAKAWELA,80.65,6.5,204,5,PRECIP,1928,1,11,30.4
01RT0136,GODAKAWELA,80.65,6.5,204,5,PRECIP,1956,11,6,30.4
01RT0136,GODAKAWELA,80.65,6.5,204,5,PRECIP,1930,4,29,30.4
01RT0136,GODAKAWELA,80.65,6.5,204,5,PRECIP,1930,1,31,30.4
01RT0136,GODAKAWELA,80.65,6.5,204,5,PRECIP,1952,2,6,30.4
01RT0136,GODAKAWELA,80.65,6.5,204,5,PRECIP,1930,2,8,30.4
01RT0136,GODAKAWELA,80.65,6.5,204,5,PRECIP,1915,4,16,30.4
01RT0136,GODAKAWELA,80.65,6.5,204,5,PRECIP,1925,12,17,30.4
01RT0136,GODAKAWELA,80.65,6.5,204,5,PRECIP,1958,11,27,30.4
01RT0136,GODAKAWELA,80.65,6.5,204,5,PRECIP,1947,10,20,30.4
01RT0136,GODAKAWELA,80.65,6.5,204,5,PRECIP,1948,4,13,30.4
01RT0136,GODAKAWELA,80.65,6.5,204,5,PRECIP,1918,1,5,30.4
01RT0136,GODAKAWELA,80.65,6.5,204,5,PRECIP,1916,8,20,30.4
01RT0136,GODAKAWELA,80.65,6.5,204,5,PRECIP,1970,11,2,30.4
01RT0136,GODAKAWELA,80.65,6.5,204,5,PRECIP,1959,11,12,30.4
01RT0136,GODAKAWELA,80.65,6.5,204,5,PRECIP,1917,3,1,30.4
01RT0136,GODAKAWELA,80.65,6.5,204,5,PRECIP,1921,4,28,30.4
01RT0136,GODAKAWELA,80.65,6.5,204,5,PRECIP,1963,9,18,30.4
01RT0136,GODAKAWELA,80.65,6.5,204,5,PRECIP,1942,5,30,30.4
01RT0136,GODAKAWELA,80.65,6.5,204,5,PRECIP,1924,3,18,30.4
01RT0136,GODAKAWELA,80.65,6.5,204,5,PRECIP,1934,2,24,30.4
01RT0136,GODAKAWELA,80.65,6.5,204,5,PRECIP,1933,11,18,30.4
01RT0136,GODAKAWELA,80.65,6.5,204,5,PRECIP,1915,11,15,30.4
01RT0136,GODAKAWELA,80.65,6.5,204,5,PRECIP,1915,11,17,30.4
01RT0136,GODAKAWELA,80.65,6.5,204,5,PRECIP,1915,11,30,30.4
01RT0136,GODAKAWELA,80.65,6.5,204,5,PRECIP,1916,4,6,30.4
01RT0136,GODAKAWELA,80.65,6.5,204,5,PRECIP,1914,3,28,30.4
01RT0136,GODAKAWELA,80.65,6.5,204,5,PRECIP,1914,6,12,30.4
